Textbox2,Textbox7
United States of America,© World Health Organization 2020

AH5_label,AH5_Chart01_CategoryGroup_label,AH5_Chart01_CategoryGroup_Chart01_CategoryGroup1_label,AH5_Chart01_CategoryGroup_Chart01_CategoryGroup1_Value_DataValue0,AH1_label,AH1_Chart01_CategoryGroup_Chart01_CategoryGroup1_Value_DataValue0,AH1N12009_label,AH1N12009_Chart01_CategoryGroup_Chart01_CategoryGroup1_Value_DataValue0,AH3_label,AH3_Chart01_CategoryGroup_Chart01_CategoryGroup1_Value_DataValue0,ANOTSUBTYPED_label,ANOTSUBTYPED_Chart01_CategoryGroup_Chart01_CategoryGroup1_Value_DataValue0,BYAMAGATA_label,BYAMAGATA_Chart01_CategoryGroup_Chart01_CategoryGroup1_Value_DataValue0,BVICTORIA_label,BVICTORIA_Chart01_CategoryGroup_Chart01_CategoryGroup1_Value_DataValue0,BNOTDETERMINED_label,BNOTDETERMINED_Chart01_CategoryGroup_Chart01_CategoryGroup1_Value_DataValue0
AH5,2005,1,,AH1,2,AH1N12009,,AH3,400,ANOTSUBTYPED,711,BYAMAGATA,,BVICTORIA,,BNOTDETERMINED,166
AH5,2005,2,,AH1,2,AH1N12009,,AH3,298,ANOTSUBTYPED,631,BYAMAGATA,,BVICTORIA,,BNOTDETERMINED,182
AH5,2005,3,,AH1,2,AH1N12009,,AH3,374,ANOTSUBTYPED,889,BYAMAGATA,,BVICTORIA,,BNOTDETERMINED,211
AH5,2005,4,,AH1,1,AH1N12009,,AH3,511,ANOTSUBTYPED,1045,BYAMAGATA,,BVICTORIA,,BNOTDETERMINED,306
AH5,2005,5,,AH1,0,AH1N12009,,AH3,686,ANOTSUBTYPED,1214,BYAMAGATA,,BVICTORIA,,BNOTDETERMINED,424
AH5,2005,6,,AH1,2,AH1N12009,,AH3,638,ANOTSUBTYPED,1451,BYAMAGATA,,BVICTORIA,,BNOTDETERMINED,478
AH5,2005,7,,AH1,2,AH1N12009,,AH3,688,ANOTSUBTYPED,1396,BYAMAGATA,,BVICTORIA,,BNOTDETERMINED,613
AH5,2005,8,,AH1,1,AH1N12009,,AH3,523,ANOTSUBTYPED,1133,BYAMAGATA,,BVICTORIA,,BNOTDETERMINED,617
AH5,2005,9,,AH1,0,AH1N12009,,AH3,227,ANOTSUBTYPED,949,BYAMAGATA,,BVICTORIA,,BNOTDETERMINED,518
AH5,2005,10,,AH1,0,AH1N12009,,AH3,161,ANOTSUBTYPED,633,BYAMAGATA,,BVICTORIA,,BNOTDETERMINED,415
AH5,2005,11,,AH1,0,AH1N12009,,AH3,146,ANOTSUBTYPED,489,BYAMAGATA,,BVICTORIA,,BNOTDETERMINED,466
AH5,2005,12,,AH1,0,AH1N12009,,AH3,102,ANOTSUBTYPED,303,BYAMAGATA,,BVICTORIA,,BNOTDETERMINED,455
AH5,2005,13,,AH1,3,AH1N12009,,AH3,54,ANOTSUBTYPED,167,BYAMAGATA,,BVICTORIA,,BNOTDETERMINED,341
AH5,2005,14,,AH1,0,AH1N12009,,AH3,47,ANOTSUBTYPED,95,BYAMAGATA,,BVICTORIA,,BNOTDETERMINED,210
AH5,2005,15,,AH1,0,AH1N12009,,AH3,14,ANOTSUBTYPED,39,BYAMAGATA,,BVICTORIA,,BNOTDETERMINED,123
AH5,2005,16,,AH1,1,AH1N12009,,AH3,21,ANOTSUBTYPED,26,BYAMAGATA,,BVICTORIA,,BNOTDETERMINED,73
AH5,2005,17,,AH1,0,AH1N12009,,AH3,12,ANOTSUBTYPED,12,BYAMAGATA,,BVICTORIA,,BNOTDETERMINED,40
AH5,2005,18,,AH1,0,AH1N12009,,AH3,10,ANOTSUBTYPED,8,BYAMAGATA,,BVICTORIA,,BNOTDETERMINED,30
AH5,2005,19,,AH1,0,AH1N12009,,AH3,13,ANOTSUBTYPED,5,BYAMAGATA,,BVICTORIA,,BNOTDETERMINED,18
AH5,2005,20,,AH1,0,AH1N12009,,AH3,20,ANOTSUBTYPED,3,BYAMAGATA,,BVICTORIA,,BNOTDETERMINED,16
AH5,2005,21,,AH1,0,AH1N12009,,AH3,9,ANOTSUBTYPED,3,BYAMAGATA,,BVICTORIA,,BNOTDETERMINED,20
AH5,2005,22,,AH1,0,AH1N12009,,AH3,6,ANOTSUBTYPED,3,BYAMAGATA,,BVICTORIA,,BNOTDETERMINED,15
AH5,2005,23,,AH1,0,AH1N12009,,AH3,4,ANOTSUBTYPED,0,BYAMAGATA,,BVICTORIA,,BNOTDETERMINED,8
AH5,2005,24,,AH1,0,AH1N12009,,AH3,3,ANOTSUBTYPED,1,BYAMAGATA,,BVICTORIA,,BNOTDETERMINED,10
AH5,2005,25,,AH1,0,AH1N12009,,AH3,5,ANOTSUBTYPED,1,BYAMAGATA,,BVICTORIA,,BNOTDETERMINED,5
AH5,2005,26,,AH1,0,AH1N12009,,AH3,0,ANOTSUBTYPED,6,BYAMAGATA,,BVICTORIA,,BNOTDETERMINED,1
AH5,2005,27,,AH1,0,AH1N12009,,AH3,1,ANOTSUBTYPED,0,BYAMAGATA,,BVICTORIA,,BNOTDETERMINED,4
AH5,2005,28,,AH1,0,AH1N12009,,AH3,0,ANOTSUBTYPED,0,BYAMAGATA,,BVICTORIA,,BNOTDETERMINED,2
AH5,2005,29,,AH1,0,AH1N12009,,AH3,0,ANOTSUBTYPED,1,BYAMAGATA,,BVICTORIA,,BNOTDETERMINED,2
AH5,2005,30,,AH1,0,AH1N12009,,AH3,1,ANOTSUBTYPED,0,BYAMAGATA,,BVICTORIA,,BNOTDETERMINED,1
AH5,2005,31,,AH1,0,AH1N12009,,AH3,0,ANOTSUBTYPED,0,BYAMAGATA,,BVICTORIA,,BNOTDETERMINED,
AH5,2005,32,,AH1,0,AH1N12009,,AH3,3,ANOTSUBTYPED,1,BYAMAGATA,,BVICTORIA,,BNOTDETERMINED,
AH5,2005,33,,AH1,1,AH1N12009,,AH3,0,ANOTSUBTYPED,4,BYAMAGATA,,BVICTORIA,,BNOTDETERMINED,
AH5,2005,34,,AH1,0,AH1N12009,,AH3,2,ANOTSUBTYPED,0,BYAMAGATA,,BVICTORIA,,BNOTDETERMINED,
AH5,2005,35,,AH1,0,AH1N12009,,AH3,0,ANOTSUBTYPED,3,BYAMAGATA,,BVICTORIA,,BNOTDETERMINED,1
AH5,2005,36,,AH1,0,AH1N12009,,AH3,1,ANOTSUBTYPED,0,BYAMAGATA,,BVICTORIA,,BNOTDETERMINED,
AH5,2005,37,,AH1,0,AH1N12009,,AH3,4,ANOTSUBTYPED,0,BYAMAGATA,,BVICTORIA,,BNOTDETERMINED,1
AH5,2005,38,,AH1,0,AH1N12009,,AH3,0,ANOTSUBTYPED,0,BYAMAGATA,,BVICTORIA,,BNOTDETERMINED,
AH5,2005,39,,AH1,0,AH1N12009,,AH3,0,ANOTSUBTYPED,0,BYAMAGATA,,BVICTORIA,,BNOTDETERMINED,
AH5,2005,40,,AH1,0,AH1N12009,,AH3,6,ANOTSUBTYPED,4,BYAMAGATA,,BVICTORIA,,BNOTDETERMINED,1
AH5,2005,41,,AH1,0,AH1N12009,,AH3,6,ANOTSUBTYPED,4,BYAMAGATA,,BVICTORIA,,BNOTDETERMINED,1
AH5,2005,42,,AH1,0,AH1N12009,,AH3,12,ANOTSUBTYPED,6,BYAMAGATA,,BVICTORIA,,BNOTDETERMINED,5
AH5,2005,43,,AH1,0,AH1N12009,,AH3,6,ANOTSUBTYPED,5,BYAMAGATA,,BVICTORIA,,BNOTDETERMINED,2
AH5,2005,44,,AH1,0,AH1N12009,,AH3,13,ANOTSUBTYPED,4,BYAMAGATA,,BVICTORIA,,BNOTDETERMINED,3
AH5,2005,45,,AH1,1,AH1N12009,,AH3,21,ANOTSUBTYPED,12,BYAMAGATA,,BVICTORIA,,BNOTDETERMINED,6
AH5,2005,46,,AH1,2,AH1N12009,,AH3,18,ANOTSUBTYPED,16,BYAMAGATA,,BVICTORIA,,BNOTDETERMINED,4
AH5,2005,47,,AH1,0,AH1N12009,,AH3,18,ANOTSUBTYPED,17,BYAMAGATA,,BVICTORIA,,BNOTDETERMINED,3
AH5,2005,48,,AH1,1,AH1N12009,,AH3,53,ANOTSUBTYPED,29,BYAMAGATA,,BVICTORIA,,BNOTDETERMINED,2
AH5,2005,49,,AH1,1,AH1N12009,,AH3,109,ANOTSUBTYPED,64,BYAMAGATA,,BVICTORIA,,BNOTDETERMINED,8
AH5,2005,50,,AH1,0,AH1N12009,,AH3,233,ANOTSUBTYPED,92,BYAMAGATA,,BVICTORIA,,BNOTDETERMINED,5
AH5,2005,51,,AH1,0,AH1N12009,,AH3,266,ANOTSUBTYPED,325,BYAMAGATA,,BVICTORIA,,BNOTDETERMINED,9
AH5,2005,52,,AH1,2,AH1N12009,,AH3,312,ANOTSUBTYPED,322,BYAMAGATA,,BVICTORIA,,BNOTDETERMINED,18
AH5,2006,1,,AH1,0,AH1N12009,,AH3,226,ANOTSUBTYPED,255,BYAMAGATA,,BVICTORIA,,BNOTDETERMINED,21
AH5,2006,2,,AH1,4,AH1N12009,,AH3,293,ANOTSUBTYPED,324,BYAMAGATA,,BVICTORIA,,BNOTDETERMINED,13
AH5,2006,3,,AH1,4,AH1N12009,,AH3,278,ANOTSUBTYPED,331,BYAMAGATA,,BVICTORIA,,BNOTDETERMINED,15
AH5,2006,4,,AH1,4,AH1N12009,,AH3,299,ANOTSUBTYPED,428,BYAMAGATA,,BVICTORIA,,BNOTDETERMINED,23
AH5,2006,5,,AH1,5,AH1N12009,,AH3,302,ANOTSUBTYPED,463,BYAMAGATA,,BVICTORIA,,BNOTDETERMINED,50
AH5,2006,6,,AH1,9,AH1N12009,,AH3,304,ANOTSUBTYPED,520,BYAMAGATA,,BVICTORIA,,BNOTDETERMINED,96
AH5,2006,7,,AH1,15,AH1N12009,,AH3,338,ANOTSUBTYPED,618,BYAMAGATA,,BVICTORIA,,BNOTDETERMINED,94
AH5,2006,8,,AH1,16,AH1N12009,,AH3,346,ANOTSUBTYPED,767,BYAMAGATA,,BVICTORIA,,BNOTDETERMINED,130
AH5,2006,9,,AH1,27,AH1N12009,,AH3,421,ANOTSUBTYPED,726,BYAMAGATA,,BVICTORIA,,BNOTDETERMINED,263
AH5,2006,10,,AH1,51,AH1N12009,,AH3,392,ANOTSUBTYPED,750,BYAMAGATA,,BVICTORIA,,BNOTDETERMINED,317
AH5,2006,11,,AH1,37,AH1N12009,,AH3,265,ANOTSUBTYPED,516,BYAMAGATA,,BVICTORIA,,BNOTDETERMINED,322
AH5,2006,12,,AH1,76,AH1N12009,,AH3,164,ANOTSUBTYPED,435,BYAMAGATA,,BVICTORIA,,BNOTDETERMINED,354
AH5,2006,13,,AH1,61,AH1N12009,,AH3,121,ANOTSUBTYPED,288,BYAMAGATA,,BVICTORIA,,BNOTDETERMINED,387
AH5,2006,14,,AH1,38,AH1N12009,,AH3,53,ANOTSUBTYPED,171,BYAMAGATA,,BVICTORIA,,BNOTDETERMINED,285
AH5,2006,15,,AH1,23,AH1N12009,,AH3,50,ANOTSUBTYPED,112,BYAMAGATA,,BVICTORIA,,BNOTDETERMINED,208
AH5,2006,16,,AH1,23,AH1N12009,,AH3,30,ANOTSUBTYPED,58,BYAMAGATA,,BVICTORIA,,BNOTDETERMINED,203
AH5,2006,17,,AH1,10,AH1N12009,,AH3,1,ANOTSUBTYPED,38,BYAMAGATA,,BVICTORIA,,BNOTDETERMINED,117
AH5,2006,18,,AH1,3,AH1N12009,,AH3,4,ANOTSUBTYPED,40,BYAMAGATA,,BVICTORIA,,BNOTDETERMINED,79
AH5,2006,19,,AH1,0,AH1N12009,,AH3,0,ANOTSUBTYPED,36,BYAMAGATA,,BVICTORIA,,BNOTDETERMINED,64
AH5,2006,20,,AH1,1,AH1N12009,,AH3,1,ANOTSUBTYPED,8,BYAMAGATA,,BVICTORIA,,BNOTDETERMINED,41
AH5,2006,21,,AH1,,AH1N12009,,AH3,,ANOTSUBTYPED,,BYAMAGATA,,BVICTORIA,,BNOTDETERMINED,
AH5,2006,22,,AH1,,AH1N12009,,AH3,,ANOTSUBTYPED,,BYAMAGATA,,BVICTORIA,,BNOTDETERMINED,
AH5,2006,23,,AH1,,AH1N12009,,AH3,,ANOTSUBTYPED,,BYAMAGATA,,BVICTORIA,,BNOTDETERMINED,
AH5,2006,24,,AH1,,AH1N12009,,AH3,,ANOTSUBTYPED,,BYAMAGATA,,BVICTORIA,,BNOTDETERMINED,
AH5,2006,25,,AH1,,AH1N12009,,AH3,,ANOTSUBTYPED,,BYAMAGATA,,BVICTORIA,,BNOTDETERMINED,
AH5,2006,26,,AH1,,AH1N12009,,AH3,,ANOTSUBTYPED,,BYAMAGATA,,BVICTORIA,,BNOTDETERMINED,
AH5,2006,27,,AH1,,AH1N12009,,AH3,,ANOTSUBTYPED,,BYAMAGATA,,BVICTORIA,,BNOTDETERMINED,
AH5,2006,28,,AH1,,AH1N12009,,AH3,,ANOTSUBTYPED,,BYAMAGATA,,BVICTORIA,,BNOTDETERMINED,
AH5,2006,29,,AH1,,AH1N12009,,AH3,,ANOTSUBTYPED,,BYAMAGATA,,BVICTORIA,,BNOTDETERMINED,
AH5,2006,30,,AH1,,AH1N12009,,AH3,,ANOTSUBTYPED,,BYAMAGATA,,BVICTORIA,,BNOTDETERMINED,
AH5,2006,31,,AH1,,AH1N12009,,AH3,,ANOTSUBTYPED,,BYAMAGATA,,BVICTORIA,,BNOTDETERMINED,
AH5,2006,32,,AH1,,AH1N12009,,AH3,,ANOTSUBTYPED,,BYAMAGATA,,BVICTORIA,,BNOTDETERMINED,
AH5,2006,33,,AH1,,AH1N12009,,AH3,,ANOTSUBTYPED,,BYAMAGATA,,BVICTORIA,,BNOTDETERMINED,
AH5,2006,34,,AH1,,AH1N12009,,AH3,,ANOTSUBTYPED,,BYAMAGATA,,BVICTORIA,,BNOTDETERMINED,
AH5,2006,35,,AH1,,AH1N12009,,AH3,,ANOTSUBTYPED,,BYAMAGATA,,BVICTORIA,,BNOTDETERMINED,
AH5,2006,36,,AH1,,AH1N12009,,AH3,,ANOTSUBTYPED,,BYAMAGATA,,BVICTORIA,,BNOTDETERMINED,
AH5,2006,37,,AH1,,AH1N12009,,AH3,,ANOTSUBTYPED,,BYAMAGATA,,BVICTORIA,,BNOTDETERMINED,
AH5,2006,38,,AH1,,AH1N12009,,AH3,,ANOTSUBTYPED,,BYAMAGATA,,BVICTORIA,,BNOTDETERMINED,
AH5,2006,39,,AH1,,AH1N12009,,AH3,,ANOTSUBTYPED,,BYAMAGATA,,BVICTORIA,,BNOTDETERMINED,
AH5,2006,40,,AH1,13,AH1N12009,,AH3,2,ANOTSUBTYPED,26,BYAMAGATA,,BVICTORIA,,BNOTDETERMINED,15
AH5,2006,41,,AH1,20,AH1N12009,,AH3,1,ANOTSUBTYPED,37,BYAMAGATA,,BVICTORIA,,BNOTDETERMINED,9
AH5,2006,42,,AH1,17,AH1N12009,,AH3,4,ANOTSUBTYPED,37,BYAMAGATA,,BVICTORIA,,BNOTDETERMINED,22
AH5,2006,43,,AH1,13,AH1N12009,,AH3,2,ANOTSUBTYPED,46,BYAMAGATA,,BVICTORIA,,BNOTDETERMINED,23
AH5,2006,44,,AH1,25,AH1N12009,,AH3,1,ANOTSUBTYPED,75,BYAMAGATA,,BVICTORIA,,BNOTDETERMINED,42
AH5,2006,45,,AH1,18,AH1N12009,,AH3,1,ANOTSUBTYPED,93,BYAMAGATA,,BVICTORIA,,BNOTDETERMINED,43
AH5,2006,46,,AH1,25,AH1N12009,,AH3,2,ANOTSUBTYPED,74,BYAMAGATA,,BVICTORIA,,BNOTDETERMINED,32
AH5,2006,47,,AH1,21,AH1N12009,,AH3,2,ANOTSUBTYPED,110,BYAMAGATA,,BVICTORIA,,BNOTDETERMINED,28
AH5,2006,48,,AH1,43,AH1N12009,,AH3,1,ANOTSUBTYPED,111,BYAMAGATA,,BVICTORIA,,BNOTDETERMINED,54
AH5,2006,49,,AH1,55,AH1N12009,,AH3,2,ANOTSUBTYPED,145,BYAMAGATA,,BVICTORIA,,BNOTDETERMINED,62
AH5,2006,50,,AH1,106,AH1N12009,,AH3,9,ANOTSUBTYPED,306,BYAMAGATA,,BVICTORIA,,BNOTDETERMINED,120
AH5,2006,51,,AH1,194,AH1N12009,,AH3,10,ANOTSUBTYPED,392,BYAMAGATA,,BVICTORIA,,BNOTDETERMINED,133
AH5,2006,52,,AH1,201,AH1N12009,,AH3,14,ANOTSUBTYPED,366,BYAMAGATA,,BVICTORIA,,BNOTDETERMINED,123
AH5,2007,1,,AH1,128,AH1N12009,,AH3,14,ANOTSUBTYPED,240,BYAMAGATA,,BVICTORIA,,BNOTDETERMINED,86
AH5,2007,2,,AH1,180,AH1N12009,,AH3,35,ANOTSUBTYPED,293,BYAMAGATA,,BVICTORIA,,BNOTDETERMINED,86
AH5,2007,3,,AH1,174,AH1N12009,,AH3,44,ANOTSUBTYPED,420,BYAMAGATA,,BVICTORIA,,BNOTDETERMINED,80
AH5,2007,4,,AH1,310,AH1N12009,,AH3,86,ANOTSUBTYPED,760,BYAMAGATA,,BVICTORIA,,BNOTDETERMINED,154
AH5,2007,5,,AH1,367,AH1N12009,,AH3,107,ANOTSUBTYPED,1172,BYAMAGATA,,BVICTORIA,,BNOTDETERMINED,203
AH5,2007,6,,AH1,497,AH1N12009,,AH3,133,ANOTSUBTYPED,1491,BYAMAGATA,,BVICTORIA,,BNOTDETERMINED,411
AH5,2007,7,,AH1,430,AH1N12009,,AH3,133,ANOTSUBTYPED,1544,BYAMAGATA,,BVICTORIA,,BNOTDETERMINED,416
AH5,2007,8,,AH1,297,AH1N12009,,AH3,156,ANOTSUBTYPED,1388,BYAMAGATA,,BVICTORIA,,BNOTDETERMINED,526
AH5,2007,9,,AH1,201,AH1N12009,,AH3,192,ANOTSUBTYPED,1006,BYAMAGATA,,BVICTORIA,,BNOTDETERMINED,550
AH5,2007,10,,AH1,169,AH1N12009,,AH3,199,ANOTSUBTYPED,751,BYAMAGATA,,BVICTORIA,,BNOTDETERMINED,470
AH5,2007,11,,AH1,147,AH1N12009,,AH3,207,ANOTSUBTYPED,569,BYAMAGATA,,BVICTORIA,,BNOTDETERMINED,430
AH5,2007,12,,AH1,65,AH1N12009,,AH3,165,ANOTSUBTYPED,491,BYAMAGATA,,BVICTORIA,,BNOTDETERMINED,369
AH5,2007,13,,AH1,59,AH1N12009,,AH3,173,ANOTSUBTYPED,322,BYAMAGATA,,BVICTORIA,,BNOTDETERMINED,211
AH5,2007,14,,AH1,33,AH1N12009,,AH3,101,ANOTSUBTYPED,228,BYAMAGATA,,BVICTORIA,,BNOTDETERMINED,156
AH5,2007,15,,AH1,31,AH1N12009,,AH3,186,ANOTSUBTYPED,158,BYAMAGATA,,BVICTORIA,,BNOTDETERMINED,140
AH5,2007,16,,AH1,28,AH1N12009,,AH3,126,ANOTSUBTYPED,138,BYAMAGATA,,BVICTORIA,,BNOTDETERMINED,81
AH5,2007,17,,AH1,21,AH1N12009,,AH3,119,ANOTSUBTYPED,86,BYAMAGATA,,BVICTORIA,,BNOTDETERMINED,68
AH5,2007,18,,AH1,15,AH1N12009,,AH3,81,ANOTSUBTYPED,51,BYAMAGATA,,BVICTORIA,,BNOTDETERMINED,56
AH5,2007,19,,AH1,7,AH1N12009,,AH3,38,ANOTSUBTYPED,43,BYAMAGATA,,BVICTORIA,,BNOTDETERMINED,38
AH5,2007,20,,AH1,3,AH1N12009,,AH3,23,ANOTSUBTYPED,39,BYAMAGATA,,BVICTORIA,,BNOTDETERMINED,27
AH5,2007,21,,AH1,4,AH1N12009,,AH3,32,ANOTSUBTYPED,34,BYAMAGATA,,BVICTORIA,,BNOTDETERMINED,14
AH5,2007,22,,AH1,2,AH1N12009,,AH3,7,ANOTSUBTYPED,12,BYAMAGATA,,BVICTORIA,,BNOTDETERMINED,9
AH5,2007,23,,AH1,1,AH1N12009,,AH3,5,ANOTSUBTYPED,10,BYAMAGATA,,BVICTORIA,,BNOTDETERMINED,4
AH5,2007,24,,AH1,0,AH1N12009,,AH3,6,ANOTSUBTYPED,13,BYAMAGATA,,BVICTORIA,,BNOTDETERMINED,7
AH5,2007,25,,AH1,3,AH1N12009,,AH3,1,ANOTSUBTYPED,2,BYAMAGATA,,BVICTORIA,,BNOTDETERMINED,2
AH5,2007,26,,AH1,0,AH1N12009,,AH3,1,ANOTSUBTYPED,10,BYAMAGATA,,BVICTORIA,,BNOTDETERMINED,4
AH5,2007,27,,AH1,2,AH1N12009,,AH3,3,ANOTSUBTYPED,8,BYAMAGATA,,BVICTORIA,,BNOTDETERMINED,5
AH5,2007,28,,AH1,4,AH1N12009,,AH3,8,ANOTSUBTYPED,9,BYAMAGATA,,BVICTORIA,,BNOTDETERMINED,2
AH5,2007,29,,AH1,4,AH1N12009,,AH3,3,ANOTSUBTYPED,8,BYAMAGATA,,BVICTORIA,,BNOTDETERMINED,1
AH5,2007,30,,AH1,14,AH1N12009,,AH3,7,ANOTSUBTYPED,14,BYAMAGATA,,BVICTORIA,,BNOTDETERMINED,2
AH5,2007,31,,AH1,2,AH1N12009,,AH3,6,ANOTSUBTYPED,14,BYAMAGATA,,BVICTORIA,,BNOTDETERMINED,2
AH5,2007,32,,AH1,11,AH1N12009,,AH3,5,ANOTSUBTYPED,14,BYAMAGATA,,BVICTORIA,,BNOTDETERMINED,4
AH5,2007,33,,AH1,7,AH1N12009,,AH3,2,ANOTSUBTYPED,10,BYAMAGATA,,BVICTORIA,,BNOTDETERMINED,
AH5,2007,34,,AH1,1,AH1N12009,,AH3,0,ANOTSUBTYPED,21,BYAMAGATA,,BVICTORIA,,BNOTDETERMINED,1
AH5,2007,35,,AH1,10,AH1N12009,,AH3,0,ANOTSUBTYPED,13,BYAMAGATA,,BVICTORIA,,BNOTDETERMINED,7
AH5,2007,36,,AH1,10,AH1N12009,,AH3,0,ANOTSUBTYPED,14,BYAMAGATA,,BVICTORIA,,BNOTDETERMINED,
AH5,2007,37,,AH1,14,AH1N12009,,AH3,1,ANOTSUBTYPED,8,BYAMAGATA,,BVICTORIA,,BNOTDETERMINED,7
AH5,2007,38,,AH1,11,AH1N12009,,AH3,1,ANOTSUBTYPED,15,BYAMAGATA,,BVICTORIA,,BNOTDETERMINED,3
AH5,2007,39,,AH1,3,AH1N12009,,AH3,1,ANOTSUBTYPED,16,BYAMAGATA,,BVICTORIA,,BNOTDETERMINED,
AH5,2007,40,,AH1,17,AH1N12009,,AH3,2,ANOTSUBTYPED,20,BYAMAGATA,,BVICTORIA,,BNOTDETERMINED,5
AH5,2007,41,,AH1,19,AH1N12009,,AH3,3,ANOTSUBTYPED,22,BYAMAGATA,,BVICTORIA,,BNOTDETERMINED,0
AH5,2007,42,,AH1,16,AH1N12009,,AH3,2,ANOTSUBTYPED,28,BYAMAGATA,,BVICTORIA,,BNOTDETERMINED,2
AH5,2007,43,,AH1,16,AH1N12009,,AH3,2,ANOTSUBTYPED,27,BYAMAGATA,,BVICTORIA,,BNOTDETERMINED,5
AH5,2007,44,,AH1,10,AH1N12009,,AH3,0,ANOTSUBTYPED,53,BYAMAGATA,,BVICTORIA,,BNOTDETERMINED,11
AH5,2007,45,,AH1,17,AH1N12009,,AH3,10,ANOTSUBTYPED,47,BYAMAGATA,,BVICTORIA,,BNOTDETERMINED,11
AH5,2007,46,,AH1,24,AH1N12009,,AH3,6,ANOTSUBTYPED,55,BYAMAGATA,,BVICTORIA,,BNOTDETERMINED,2
AH5,2007,47,,AH1,35,AH1N12009,,AH3,2,ANOTSUBTYPED,90,BYAMAGATA,,BVICTORIA,,BNOTDETERMINED,13
AH5,2007,48,,AH1,49,AH1N12009,,AH3,12,ANOTSUBTYPED,50,BYAMAGATA,,BVICTORIA,,BNOTDETERMINED,13
AH5,2007,49,,AH1,35,AH1N12009,,AH3,10,ANOTSUBTYPED,112,BYAMAGATA,,BVICTORIA,,BNOTDETERMINED,22
AH5,2007,50,,AH1,53,AH1N12009,,AH3,22,ANOTSUBTYPED,116,BYAMAGATA,,BVICTORIA,,BNOTDETERMINED,27
AH5,2007,51,,AH1,70,AH1N12009,,AH3,28,ANOTSUBTYPED,165,BYAMAGATA,,BVICTORIA,,BNOTDETERMINED,50
AH5,2007,52,,AH1,80,AH1N12009,,AH3,26,ANOTSUBTYPED,260,BYAMAGATA,,BVICTORIA,,BNOTDETERMINED,85
AH5,2008,1,,AH1,96,AH1N12009,,AH3,59,ANOTSUBTYPED,318,BYAMAGATA,,BVICTORIA,,BNOTDETERMINED,106
AH5,2008,2,,AH1,179,AH1N12009,,AH3,143,ANOTSUBTYPED,528,BYAMAGATA,,BVICTORIA,,BNOTDETERMINED,161
AH5,2008,3,,AH1,220,AH1N12009,,AH3,204,ANOTSUBTYPED,702,BYAMAGATA,,BVICTORIA,,BNOTDETERMINED,210
AH5,2008,4,,AH1,223,AH1N12009,,AH3,386,ANOTSUBTYPED,1208,BYAMAGATA,,BVICTORIA,,BNOTDETERMINED,338
AH5,2008,5,,AH1,262,AH1N12009,,AH3,634,ANOTSUBTYPED,2263,BYAMAGATA,,BVICTORIA,,BNOTDETERMINED,659
AH5,2008,6,,AH1,268,AH1N12009,,AH3,836,ANOTSUBTYPED,2740,BYAMAGATA,,BVICTORIA,,BNOTDETERMINED,889
AH5,2008,7,,AH1,211,AH1N12009,,AH3,833,ANOTSUBTYPED,2620,BYAMAGATA,,BVICTORIA,,BNOTDETERMINED,1079
AH5,2008,8,,AH1,190,AH1N12009,,AH3,973,ANOTSUBTYPED,2663,BYAMAGATA,,BVICTORIA,,BNOTDETERMINED,1360
AH5,2008,9,,AH1,132,AH1N12009,,AH3,802,ANOTSUBTYPED,2041,BYAMAGATA,,BVICTORIA,,BNOTDETERMINED,1396
AH5,2008,10,,AH1,74,AH1N12009,,AH3,628,ANOTSUBTYPED,1477,BYAMAGATA,,BVICTORIA,,BNOTDETERMINED,1366
AH5,2008,11,,AH1,79,AH1N12009,,AH3,485,ANOTSUBTYPED,897,BYAMAGATA,,BVICTORIA,,BNOTDETERMINED,1083
AH5,2008,12,,AH1,49,AH1N12009,,AH3,397,ANOTSUBTYPED,589,BYAMAGATA,,BVICTORIA,,BNOTDETERMINED,908
AH5,2008,13,,AH1,14,AH1N12009,,AH3,175,ANOTSUBTYPED,413,BYAMAGATA,,BVICTORIA,,BNOTDETERMINED,776
AH5,2008,14,,AH1,12,AH1N12009,,AH3,105,ANOTSUBTYPED,258,BYAMAGATA,,BVICTORIA,,BNOTDETERMINED,505
AH5,2008,15,,AH1,6,AH1N12009,,AH3,52,ANOTSUBTYPED,140,BYAMAGATA,,BVICTORIA,,BNOTDETERMINED,410
AH5,2008,16,,AH1,0,AH1N12009,,AH3,32,ANOTSUBTYPED,82,BYAMAGATA,,BVICTORIA,,BNOTDETERMINED,233
AH5,2008,17,,AH1,5,AH1N12009,,AH3,10,ANOTSUBTYPED,44,BYAMAGATA,,BVICTORIA,,BNOTDETERMINED,126
AH5,2008,18,,AH1,1,AH1N12009,,AH3,9,ANOTSUBTYPED,36,BYAMAGATA,,BVICTORIA,,BNOTDETERMINED,79
AH5,2008,19,,AH1,0,AH1N12009,,AH3,10,ANOTSUBTYPED,12,BYAMAGATA,,BVICTORIA,,BNOTDETERMINED,42
AH5,2008,20,,AH1,0,AH1N12009,,AH3,4,ANOTSUBTYPED,14,BYAMAGATA,,BVICTORIA,,BNOTDETERMINED,19
AH5,2008,21,,AH1,1,AH1N12009,,AH3,4,ANOTSUBTYPED,9,BYAMAGATA,,BVICTORIA,,BNOTDETERMINED,15
AH5,2008,22,,AH1,0,AH1N12009,,AH3,2,ANOTSUBTYPED,7,BYAMAGATA,,BVICTORIA,,BNOTDETERMINED,10
AH5,2008,23,,AH1,0,AH1N12009,,AH3,1,ANOTSUBTYPED,11,BYAMAGATA,,BVICTORIA,,BNOTDETERMINED,5
AH5,2008,24,,AH1,0,AH1N12009,,AH3,0,ANOTSUBTYPED,4,BYAMAGATA,,BVICTORIA,,BNOTDETERMINED,7
AH5,2008,25,,AH1,0,AH1N12009,,AH3,2,ANOTSUBTYPED,3,BYAMAGATA,,BVICTORIA,,BNOTDETERMINED,2
AH5,2008,26,,AH1,0,AH1N12009,,AH3,0,ANOTSUBTYPED,0,BYAMAGATA,,BVICTORIA,,BNOTDETERMINED,6
AH5,2008,27,,AH1,0,AH1N12009,,AH3,0,ANOTSUBTYPED,1,BYAMAGATA,,BVICTORIA,,BNOTDETERMINED,3
AH5,2008,28,,AH1,1,AH1N12009,,AH3,1,ANOTSUBTYPED,0,BYAMAGATA,,BVICTORIA,,BNOTDETERMINED,4
AH5,2008,29,,AH1,0,AH1N12009,,AH3,0,ANOTSUBTYPED,2,BYAMAGATA,,BVICTORIA,,BNOTDETERMINED,2
AH5,2008,30,,AH1,1,AH1N12009,,AH3,5,ANOTSUBTYPED,3,BYAMAGATA,,BVICTORIA,,BNOTDETERMINED,0
AH5,2008,31,,AH1,0,AH1N12009,,AH3,1,ANOTSUBTYPED,2,BYAMAGATA,,BVICTORIA,,BNOTDETERMINED,4
AH5,2008,32,,AH1,1,AH1N12009,,AH3,0,ANOTSUBTYPED,5,BYAMAGATA,,BVICTORIA,,BNOTDETERMINED,1
AH5,2008,33,,AH1,0,AH1N12009,,AH3,0,ANOTSUBTYPED,0,BYAMAGATA,,BVICTORIA,,BNOTDETERMINED,1
AH5,2008,34,,AH1,1,AH1N12009,,AH3,1,ANOTSUBTYPED,1,BYAMAGATA,,BVICTORIA,,BNOTDETERMINED,3
AH5,2008,35,,AH1,0,AH1N12009,,AH3,0,ANOTSUBTYPED,2,BYAMAGATA,,BVICTORIA,,BNOTDETERMINED,3
AH5,2008,36,,AH1,1,AH1N12009,,AH3,0,ANOTSUBTYPED,5,BYAMAGATA,,BVICTORIA,,BNOTDETERMINED,0
AH5,2008,37,,AH1,0,AH1N12009,,AH3,2,ANOTSUBTYPED,7,BYAMAGATA,,BVICTORIA,,BNOTDETERMINED,2
AH5,2008,38,,AH1,0,AH1N12009,,AH3,1,ANOTSUBTYPED,9,BYAMAGATA,,BVICTORIA,,BNOTDETERMINED,2
AH5,2008,39,,AH1,0,AH1N12009,,AH3,0,ANOTSUBTYPED,5,BYAMAGATA,,BVICTORIA,,BNOTDETERMINED,2
AH5,2008,40,,AH1,3,AH1N12009,,AH3,0,ANOTSUBTYPED,8,BYAMAGATA,,BVICTORIA,,BNOTDETERMINED,6
AH5,2008,41,,AH1,4,AH1N12009,,AH3,4,ANOTSUBTYPED,8,BYAMAGATA,,BVICTORIA,,BNOTDETERMINED,6
AH5,2008,42,,AH1,13,AH1N12009,,AH3,3,ANOTSUBTYPED,15,BYAMAGATA,,BVICTORIA,,BNOTDETERMINED,6
AH5,2008,43,,AH1,22,AH1N12009,,AH3,0,ANOTSUBTYPED,24,BYAMAGATA,,BVICTORIA,,BNOTDETERMINED,14
AH5,2008,44,,AH1,12,AH1N12009,,AH3,3,ANOTSUBTYPED,21,BYAMAGATA,,BVICTORIA,,BNOTDETERMINED,5
AH5,2008,45,,AH1,32,AH1N12009,,AH3,2,ANOTSUBTYPED,23,BYAMAGATA,,BVICTORIA,,BNOTDETERMINED,11
AH5,2008,46,,AH1,25,AH1N12009,,AH3,2,ANOTSUBTYPED,23,BYAMAGATA,,BVICTORIA,,BNOTDETERMINED,12
AH5,2008,47,,AH1,27,AH1N12009,,AH3,1,ANOTSUBTYPED,31,BYAMAGATA,,BVICTORIA,,BNOTDETERMINED,23
AH5,2008,48,,AH1,40,AH1N12009,,AH3,1,ANOTSUBTYPED,47,BYAMAGATA,,BVICTORIA,,BNOTDETERMINED,24
AH5,2008,49,,AH1,43,AH1N12009,,AH3,6,ANOTSUBTYPED,57,BYAMAGATA,,BVICTORIA,,BNOTDETERMINED,14
AH5,2008,50,,AH1,71,AH1N12009,,AH3,9,ANOTSUBTYPED,66,BYAMAGATA,,BVICTORIA,,BNOTDETERMINED,37
AH5,2008,51,,AH1,73,AH1N12009,,AH3,19,ANOTSUBTYPED,108,BYAMAGATA,,BVICTORIA,,BNOTDETERMINED,56
AH5,2008,52,,AH1,71,AH1N12009,,AH3,12,ANOTSUBTYPED,153,BYAMAGATA,,BVICTORIA,,BNOTDETERMINED,51
AH5,2009,1,,AH1,111,AH1N12009,,AH3,19,ANOTSUBTYPED,177,BYAMAGATA,,BVICTORIA,,BNOTDETERMINED,50
AH5,2009,2,,AH1,163,AH1N12009,,AH3,27,ANOTSUBTYPED,300,BYAMAGATA,,BVICTORIA,,BNOTDETERMINED,78
AH5,2009,3,,AH1,195,AH1N12009,,AH3,22,ANOTSUBTYPED,421,BYAMAGATA,,BVICTORIA,,BNOTDETERMINED,104
AH5,2009,4,,AH1,353,AH1N12009,,AH3,46,ANOTSUBTYPED,666,BYAMAGATA,,BVICTORIA,,BNOTDETERMINED,189
AH5,2009,5,,AH1,555,AH1N12009,,AH3,78,ANOTSUBTYPED,940,BYAMAGATA,,BVICTORIA,,BNOTDETERMINED,380
AH5,2009,6,,AH1,671,AH1N12009,,AH3,52,ANOTSUBTYPED,1386,BYAMAGATA,,BVICTORIA,,BNOTDETERMINED,688
AH5,2009,7,,AH1,823,AH1N12009,,AH3,66,ANOTSUBTYPED,1361,BYAMAGATA,,BVICTORIA,,BNOTDETERMINED,945
AH5,2009,8,,AH1,840,AH1N12009,,AH3,70,ANOTSUBTYPED,1065,BYAMAGATA,,BVICTORIA,,BNOTDETERMINED,931
AH5,2009,9,,AH1,700,AH1N12009,,AH3,57,ANOTSUBTYPED,1011,BYAMAGATA,,BVICTORIA,,BNOTDETERMINED,1147
AH5,2009,10,,AH1,533,AH1N12009,,AH3,65,ANOTSUBTYPED,896,BYAMAGATA,,BVICTORIA,,BNOTDETERMINED,1158
AH5,2009,11,,AH1,386,AH1N12009,,AH3,67,ANOTSUBTYPED,635,BYAMAGATA,,BVICTORIA,,BNOTDETERMINED,1062
AH5,2009,12,,AH1,355,AH1N12009,,AH3,62,ANOTSUBTYPED,439,BYAMAGATA,,BVICTORIA,,BNOTDETERMINED,926
AH5,2009,13,,AH1,269,AH1N12009,,AH3,45,ANOTSUBTYPED,293,BYAMAGATA,,BVICTORIA,,BNOTDETERMINED,636
AH5,2009,14,,AH1,121,AH1N12009,,AH3,27,ANOTSUBTYPED,180,BYAMAGATA,,BVICTORIA,,BNOTDETERMINED,471
AH5,2009,15,,AH1,102,AH1N12009,1,AH3,37,ANOTSUBTYPED,130,BYAMAGATA,,BVICTORIA,,BNOTDETERMINED,283
AH5,2009,16,,AH1,39,AH1N12009,1,AH3,29,ANOTSUBTYPED,84,BYAMAGATA,,BVICTORIA,,BNOTDETERMINED,186
AH5,2009,17,,AH1,41,AH1N12009,18,AH3,33,ANOTSUBTYPED,77,BYAMAGATA,,BVICTORIA,,BNOTDETERMINED,113
AH5,2009,18,,AH1,669,AH1N12009,1493,AH3,851,ANOTSUBTYPED,489,BYAMAGATA,,BVICTORIA,,BNOTDETERMINED,787
AH5,2009,19,,AH1,491,AH1N12009,2518,AH3,709,ANOTSUBTYPED,713,BYAMAGATA,,BVICTORIA,,BNOTDETERMINED,490
AH5,2009,20,,AH1,145,AH1N12009,1785,AH3,259,ANOTSUBTYPED,626,BYAMAGATA,,BVICTORIA,,BNOTDETERMINED,134
AH5,2009,21,,AH1,72,AH1N12009,2673,AH3,260,ANOTSUBTYPED,777,BYAMAGATA,,BVICTORIA,,BNOTDETERMINED,93
AH5,2009,22,,AH1,32,AH1N12009,2840,AH3,258,ANOTSUBTYPED,962,BYAMAGATA,,BVICTORIA,,BNOTDETERMINED,42
AH5,2009,23,,AH1,27,AH1N12009,3646,AH3,425,ANOTSUBTYPED,873,BYAMAGATA,,BVICTORIA,,BNOTDETERMINED,26
AH5,2009,24,,AH1,29,AH1N12009,3922,AH3,261,ANOTSUBTYPED,1195,BYAMAGATA,,BVICTORIA,,BNOTDETERMINED,15
AH5,2009,25,,AH1,15,AH1N12009,4395,AH3,216,ANOTSUBTYPED,1288,BYAMAGATA,,BVICTORIA,,BNOTDETERMINED,9
AH5,2009,26,,AH1,9,AH1N12009,3166,AH3,72,ANOTSUBTYPED,998,BYAMAGATA,,BVICTORIA,,BNOTDETERMINED,7
AH5,2009,27,,AH1,81,AH1N12009,2389,AH3,38,ANOTSUBTYPED,748,BYAMAGATA,,BVICTORIA,,BNOTDETERMINED,7
AH5,2009,28,,AH1,1,AH1N12009,2590,AH3,41,ANOTSUBTYPED,616,BYAMAGATA,,BVICTORIA,,BNOTDETERMINED,7
AH5,2009,29,,AH1,11,AH1N12009,2087,AH3,28,ANOTSUBTYPED,511,BYAMAGATA,,BVICTORIA,,BNOTDETERMINED,4
AH5,2009,30,,AH1,19,AH1N12009,1856,AH3,15,ANOTSUBTYPED,406,BYAMAGATA,,BVICTORIA,,BNOTDETERMINED,3
AH5,2009,31,,AH1,25,AH1N12009,1879,AH3,11,ANOTSUBTYPED,794,BYAMAGATA,,BVICTORIA,,BNOTDETERMINED,4
AH5,2009,32,,AH1,17,AH1N12009,1298,AH3,7,ANOTSUBTYPED,489,BYAMAGATA,,BVICTORIA,,BNOTDETERMINED,3
AH5,2009,33,,AH1,4,AH1N12009,1265,AH3,8,ANOTSUBTYPED,436,BYAMAGATA,,BVICTORIA,,BNOTDETERMINED,5
AH5,2009,34,,AH1,2,AH1N12009,1600,AH3,16,ANOTSUBTYPED,484,BYAMAGATA,,BVICTORIA,,BNOTDETERMINED,1
AH5,2009,35,,AH1,8,AH1N12009,1383,AH3,12,ANOTSUBTYPED,728,BYAMAGATA,,BVICTORIA,,BNOTDETERMINED,14
AH5,2009,36,0,AH1,2,AH1N12009,1884,AH3,13,ANOTSUBTYPED,1087,BYAMAGATA,0,BVICTORIA,0,BNOTDETERMINED,4
AH5,2009,37,0,AH1,1,AH1N12009,2294,AH3,6,ANOTSUBTYPED,1462,BYAMAGATA,0,BVICTORIA,0,BNOTDETERMINED,11
AH5,2009,38,0,AH1,5,AH1N12009,2617,AH3,3,ANOTSUBTYPED,1707,BYAMAGATA,0,BVICTORIA,0,BNOTDETERMINED,5
AH5,2009,39,0,AH1,4,AH1N12009,2858,AH3,6,ANOTSUBTYPED,1724,BYAMAGATA,0,BVICTORIA,0,BNOTDETERMINED,18
AH5,2009,40,0,AH1,4,AH1N12009,3847,AH3,7,ANOTSUBTYPED,1863,BYAMAGATA,0,BVICTORIA,0,BNOTDETERMINED,17
AH5,2009,41,0,AH1,1,AH1N12009,6121,AH3,2,ANOTSUBTYPED,2046,BYAMAGATA,0,BVICTORIA,0,BNOTDETERMINED,19
AH5,2009,42,0,AH1,2,AH1N12009,8627,AH3,0,ANOTSUBTYPED,2211,BYAMAGATA,0,BVICTORIA,0,BNOTDETERMINED,18
AH5,2009,43,0,AH1,2,AH1N12009,9735,AH3,2,ANOTSUBTYPED,2342,BYAMAGATA,0,BVICTORIA,0,BNOTDETERMINED,30
AH5,2009,44,0,AH1,1,AH1N12009,7738,AH3,2,ANOTSUBTYPED,2010,BYAMAGATA,0,BVICTORIA,0,BNOTDETERMINED,19
AH5,2009,45,0,AH1,3,AH1N12009,6081,AH3,3,ANOTSUBTYPED,1464,BYAMAGATA,0,BVICTORIA,0,BNOTDETERMINED,30
AH5,2009,46,0,AH1,1,AH1N12009,4629,AH3,1,ANOTSUBTYPED,1157,BYAMAGATA,0,BVICTORIA,0,BNOTDETERMINED,9
AH5,2009,47,0,AH1,1,AH1N12009,2715,AH3,0,ANOTSUBTYPED,725,BYAMAGATA,0,BVICTORIA,0,BNOTDETERMINED,13
AH5,2009,48,0,AH1,1,AH1N12009,1408,AH3,3,ANOTSUBTYPED,448,BYAMAGATA,0,BVICTORIA,0,BNOTDETERMINED,7
AH5,2009,49,0,AH1,1,AH1N12009,997,AH3,0,ANOTSUBTYPED,316,BYAMAGATA,0,BVICTORIA,0,BNOTDETERMINED,9
AH5,2009,50,0,AH1,1,AH1N12009,610,AH3,3,ANOTSUBTYPED,185,BYAMAGATA,0,BVICTORIA,0,BNOTDETERMINED,3
AH5,2009,51,0,AH1,0,AH1N12009,480,AH3,3,ANOTSUBTYPED,172,BYAMAGATA,0,BVICTORIA,0,BNOTDETERMINED,6
AH5,2009,52,0,AH1,3,AH1N12009,251,AH3,0,ANOTSUBTYPED,135,BYAMAGATA,0,BVICTORIA,0,BNOTDETERMINED,3
AH5,2009,53,0,AH1,0,AH1N12009,285,AH3,1,ANOTSUBTYPED,134,BYAMAGATA,0,BVICTORIA,0,BNOTDETERMINED,8
AH5,2010,1,0,AH1,0,AH1N12009,266,AH3,0,ANOTSUBTYPED,92,BYAMAGATA,0,BVICTORIA,0,BNOTDETERMINED,8
AH5,2010,2,0,AH1,1,AH1N12009,261,AH3,2,ANOTSUBTYPED,120,BYAMAGATA,0,BVICTORIA,0,BNOTDETERMINED,12
AH5,2010,3,0,AH1,0,AH1N12009,317,AH3,1,ANOTSUBTYPED,126,BYAMAGATA,0,BVICTORIA,0,BNOTDETERMINED,3
AH5,2010,4,0,AH1,0,AH1N12009,268,AH3,3,ANOTSUBTYPED,122,BYAMAGATA,0,BVICTORIA,0,BNOTDETERMINED,9
AH5,2010,5,0,AH1,0,AH1N12009,290,AH3,0,ANOTSUBTYPED,108,BYAMAGATA,0,BVICTORIA,0,BNOTDETERMINED,6
AH5,2010,6,0,AH1,0,AH1N12009,238,AH3,0,ANOTSUBTYPED,114,BYAMAGATA,0,BVICTORIA,0,BNOTDETERMINED,9
AH5,2010,7,0,AH1,0,AH1N12009,260,AH3,0,ANOTSUBTYPED,114,BYAMAGATA,0,BVICTORIA,0,BNOTDETERMINED,6
AH5,2010,8,0,AH1,0,AH1N12009,316,AH3,1,ANOTSUBTYPED,104,BYAMAGATA,0,BVICTORIA,0,BNOTDETERMINED,3
AH5,2010,9,0,AH1,0,AH1N12009,338,AH3,0,ANOTSUBTYPED,102,BYAMAGATA,0,BVICTORIA,0,BNOTDETERMINED,5
AH5,2010,10,0,AH1,0,AH1N12009,359,AH3,0,ANOTSUBTYPED,102,BYAMAGATA,0,BVICTORIA,0,BNOTDETERMINED,14
AH5,2010,11,0,AH1,0,AH1N12009,259,AH3,1,ANOTSUBTYPED,87,BYAMAGATA,0,BVICTORIA,0,BNOTDETERMINED,4
AH5,2010,12,0,AH1,0,AH1N12009,178,AH3,1,ANOTSUBTYPED,58,BYAMAGATA,0,BVICTORIA,0,BNOTDETERMINED,9
AH5,2010,13,0,AH1,0,AH1N12009,167,AH3,1,ANOTSUBTYPED,64,BYAMAGATA,0,BVICTORIA,0,BNOTDETERMINED,5
AH5,2010,14,0,AH1,0,AH1N12009,96,AH3,1,ANOTSUBTYPED,30,BYAMAGATA,0,BVICTORIA,0,BNOTDETERMINED,0
AH5,2010,15,0,AH1,0,AH1N12009,56,AH3,1,ANOTSUBTYPED,20,BYAMAGATA,0,BVICTORIA,0,BNOTDETERMINED,2
AH5,2010,16,0,AH1,0,AH1N12009,17,AH3,2,ANOTSUBTYPED,27,BYAMAGATA,0,BVICTORIA,0,BNOTDETERMINED,6
AH5,2010,17,0,AH1,0,AH1N12009,16,AH3,0,ANOTSUBTYPED,13,BYAMAGATA,0,BVICTORIA,0,BNOTDETERMINED,8
AH5,2010,18,0,AH1,0,AH1N12009,20,AH3,1,ANOTSUBTYPED,9,BYAMAGATA,0,BVICTORIA,0,BNOTDETERMINED,1
AH5,2010,19,0,AH1,0,AH1N12009,6,AH3,2,ANOTSUBTYPED,15,BYAMAGATA,0,BVICTORIA,0,BNOTDETERMINED,3
AH5,2010,20,0,AH1,0,AH1N12009,7,AH3,1,ANOTSUBTYPED,7,BYAMAGATA,0,BVICTORIA,0,BNOTDETERMINED,3
AH5,2010,21,0,AH1,0,AH1N12009,0,AH3,0,ANOTSUBTYPED,6,BYAMAGATA,0,BVICTORIA,0,BNOTDETERMINED,2
AH5,2010,22,0,AH1,0,AH1N12009,3,AH3,0,ANOTSUBTYPED,3,BYAMAGATA,0,BVICTORIA,0,BNOTDETERMINED,2
AH5,2010,23,0,AH1,0,AH1N12009,1,AH3,1,ANOTSUBTYPED,3,BYAMAGATA,0,BVICTORIA,0,BNOTDETERMINED,3
AH5,2010,24,0,AH1,0,AH1N12009,1,AH3,4,ANOTSUBTYPED,2,BYAMAGATA,0,BVICTORIA,0,BNOTDETERMINED,4
AH5,2010,25,0,AH1,0,AH1N12009,3,AH3,4,ANOTSUBTYPED,4,BYAMAGATA,0,BVICTORIA,0,BNOTDETERMINED,0
AH5,2010,26,0,AH1,0,AH1N12009,1,AH3,1,ANOTSUBTYPED,4,BYAMAGATA,0,BVICTORIA,0,BNOTDETERMINED,1
AH5,2010,27,0,AH1,0,AH1N12009,0,AH3,3,ANOTSUBTYPED,1,BYAMAGATA,0,BVICTORIA,0,BNOTDETERMINED,0
AH5,2010,28,0,AH1,0,AH1N12009,1,AH3,6,ANOTSUBTYPED,1,BYAMAGATA,0,BVICTORIA,0,BNOTDETERMINED,2
AH5,2010,29,0,AH1,0,AH1N12009,2,AH3,2,ANOTSUBTYPED,4,BYAMAGATA,0,BVICTORIA,0,BNOTDETERMINED,4
AH5,2010,30,0,AH1,0,AH1N12009,1,AH3,13,ANOTSUBTYPED,5,BYAMAGATA,0,BVICTORIA,0,BNOTDETERMINED,5
AH5,2010,31,0,AH1,0,AH1N12009,4,AH3,9,ANOTSUBTYPED,4,BYAMAGATA,0,BVICTORIA,0,BNOTDETERMINED,2
AH5,2010,32,0,AH1,0,AH1N12009,7,AH3,10,ANOTSUBTYPED,5,BYAMAGATA,0,BVICTORIA,0,BNOTDETERMINED,10
AH5,2010,33,0,AH1,0,AH1N12009,5,AH3,11,ANOTSUBTYPED,2,BYAMAGATA,0,BVICTORIA,0,BNOTDETERMINED,3
AH5,2010,34,0,AH1,0,AH1N12009,10,AH3,17,ANOTSUBTYPED,10,BYAMAGATA,0,BVICTORIA,0,BNOTDETERMINED,8
AH5,2010,35,0,AH1,0,AH1N12009,7,AH3,11,ANOTSUBTYPED,10,BYAMAGATA,0,BVICTORIA,0,BNOTDETERMINED,6
AH5,2010,36,0,AH1,0,AH1N12009,9,AH3,16,ANOTSUBTYPED,14,BYAMAGATA,0,BVICTORIA,0,BNOTDETERMINED,7
AH5,2010,37,0,AH1,0,AH1N12009,5,AH3,30,ANOTSUBTYPED,15,BYAMAGATA,0,BVICTORIA,0,BNOTDETERMINED,14
AH5,2010,38,0,AH1,0,AH1N12009,0,AH3,28,ANOTSUBTYPED,18,BYAMAGATA,0,BVICTORIA,0,BNOTDETERMINED,21
AH5,2010,39,0,AH1,0,AH1N12009,2,AH3,17,ANOTSUBTYPED,23,BYAMAGATA,0,BVICTORIA,0,BNOTDETERMINED,20
AH5,2010,40,0,AH1,0,AH1N12009,7,AH3,17,ANOTSUBTYPED,30,BYAMAGATA,0,BVICTORIA,0,BNOTDETERMINED,23
AH5,2010,41,0,AH1,0,AH1N12009,13,AH3,36,ANOTSUBTYPED,43,BYAMAGATA,0,BVICTORIA,0,BNOTDETERMINED,36
AH5,2010,42,0,AH1,0,AH1N12009,8,AH3,35,ANOTSUBTYPED,53,BYAMAGATA,0,BVICTORIA,0,BNOTDETERMINED,45
AH5,2010,43,0,AH1,0,AH1N12009,13,AH3,55,ANOTSUBTYPED,47,BYAMAGATA,0,BVICTORIA,0,BNOTDETERMINED,53
AH5,2010,44,0,AH1,0,AH1N12009,12,AH3,61,ANOTSUBTYPED,68,BYAMAGATA,0,BVICTORIA,0,BNOTDETERMINED,106
AH5,2010,45,0,AH1,0,AH1N12009,15,AH3,78,ANOTSUBTYPED,95,BYAMAGATA,0,BVICTORIA,0,BNOTDETERMINED,164
AH5,2010,46,0,AH1,0,AH1N12009,23,AH3,121,ANOTSUBTYPED,109,BYAMAGATA,0,BVICTORIA,0,BNOTDETERMINED,238
AH5,2010,47,0,AH1,0,AH1N12009,11,AH3,153,ANOTSUBTYPED,158,BYAMAGATA,0,BVICTORIA,0,BNOTDETERMINED,266
AH5,2010,48,0,AH1,0,AH1N12009,34,AH3,181,ANOTSUBTYPED,133,BYAMAGATA,0,BVICTORIA,0,BNOTDETERMINED,261
AH5,2010,49,0,AH1,0,AH1N12009,46,AH3,356,ANOTSUBTYPED,131,BYAMAGATA,0,BVICTORIA,0,BNOTDETERMINED,310
AH5,2010,50,0,AH1,0,AH1N12009,83,AH3,547,ANOTSUBTYPED,278,BYAMAGATA,0,BVICTORIA,0,BNOTDETERMINED,530
AH5,2010,51,0,AH1,0,AH1N12009,98,AH3,782,ANOTSUBTYPED,447,BYAMAGATA,0,BVICTORIA,0,BNOTDETERMINED,671
AH5,2010,52,0,AH1,0,AH1N12009,190,AH3,994,ANOTSUBTYPED,536,BYAMAGATA,0,BVICTORIA,0,BNOTDETERMINED,655
AH5,2011,1,0,AH1,0,AH1N12009,328,AH3,1147,ANOTSUBTYPED,595,BYAMAGATA,0,BVICTORIA,0,BNOTDETERMINED,575
AH5,2011,2,0,AH1,0,AH1N12009,546,AH3,1194,ANOTSUBTYPED,689,BYAMAGATA,0,BVICTORIA,0,BNOTDETERMINED,598
AH5,2011,3,0,AH1,0,AH1N12009,816,AH3,1417,ANOTSUBTYPED,754,BYAMAGATA,0,BVICTORIA,0,BNOTDETERMINED,737
AH5,2011,4,0,AH1,0,AH1N12009,1040,AH3,1481,ANOTSUBTYPED,953,BYAMAGATA,0,BVICTORIA,0,BNOTDETERMINED,965
AH5,2011,5,0,AH1,0,AH1N12009,1193,AH3,1449,ANOTSUBTYPED,1143,BYAMAGATA,0,BVICTORIA,0,BNOTDETERMINED,1134
AH5,2011,6,0,AH1,0,AH1N12009,1235,AH3,1462,ANOTSUBTYPED,1206,BYAMAGATA,0,BVICTORIA,0,BNOTDETERMINED,1183
AH5,2011,7,0,AH1,0,AH1N12009,1397,AH3,1531,ANOTSUBTYPED,1447,BYAMAGATA,0,BVICTORIA,0,BNOTDETERMINED,1368
AH5,2011,8,0,AH1,0,AH1N12009,1138,AH3,1210,ANOTSUBTYPED,1048,BYAMAGATA,0,BVICTORIA,0,BNOTDETERMINED,1203
AH5,2011,9,0,AH1,0,AH1N12009,939,AH3,969,ANOTSUBTYPED,765,BYAMAGATA,0,BVICTORIA,0,BNOTDETERMINED,893
AH5,2011,10,0,AH1,0,AH1N12009,664,AH3,798,ANOTSUBTYPED,517,BYAMAGATA,0,BVICTORIA,0,BNOTDETERMINED,688
AH5,2011,11,0,AH1,0,AH1N12009,435,AH3,580,ANOTSUBTYPED,380,BYAMAGATA,0,BVICTORIA,0,BNOTDETERMINED,555
AH5,2011,12,0,AH1,0,AH1N12009,259,AH3,415,ANOTSUBTYPED,275,BYAMAGATA,0,BVICTORIA,0,BNOTDETERMINED,407
AH5,2011,13,0,AH1,0,AH1N12009,161,AH3,263,ANOTSUBTYPED,174,BYAMAGATA,0,BVICTORIA,0,BNOTDETERMINED,285
AH5,2011,14,0,AH1,0,AH1N12009,87,AH3,197,ANOTSUBTYPED,93,BYAMAGATA,0,BVICTORIA,0,BNOTDETERMINED,252
AH5,2011,15,0,AH1,0,AH1N12009,46,AH3,140,ANOTSUBTYPED,58,BYAMAGATA,0,BVICTORIA,0,BNOTDETERMINED,149
AH5,2011,16,0,AH1,0,AH1N12009,30,AH3,56,ANOTSUBTYPED,28,BYAMAGATA,0,BVICTORIA,0,BNOTDETERMINED,79
AH5,2011,17,0,AH1,0,AH1N12009,9,AH3,26,ANOTSUBTYPED,29,BYAMAGATA,0,BVICTORIA,0,BNOTDETERMINED,61
AH5,2011,18,0,AH1,0,AH1N12009,11,AH3,18,ANOTSUBTYPED,10,BYAMAGATA,0,BVICTORIA,0,BNOTDETERMINED,23
AH5,2011,19,0,AH1,0,AH1N12009,2,AH3,11,ANOTSUBTYPED,11,BYAMAGATA,0,BVICTORIA,0,BNOTDETERMINED,14
AH5,2011,20,0,AH1,0,AH1N12009,0,AH3,5,ANOTSUBTYPED,4,BYAMAGATA,0,BVICTORIA,0,BNOTDETERMINED,10
AH5,2011,21,0,AH1,0,AH1N12009,2,AH3,4,ANOTSUBTYPED,6,BYAMAGATA,0,BVICTORIA,0,BNOTDETERMINED,4
AH5,2011,22,0,AH1,0,AH1N12009,1,AH3,0,ANOTSUBTYPED,6,BYAMAGATA,0,BVICTORIA,0,BNOTDETERMINED,5
AH5,2011,23,0,AH1,0,AH1N12009,0,AH3,0,ANOTSUBTYPED,1,BYAMAGATA,0,BVICTORIA,0,BNOTDETERMINED,4
AH5,2011,24,0,AH1,0,AH1N12009,2,AH3,1,ANOTSUBTYPED,6,BYAMAGATA,0,BVICTORIA,0,BNOTDETERMINED,0
AH5,2011,25,0,AH1,0,AH1N12009,0,AH3,0,ANOTSUBTYPED,0,BYAMAGATA,0,BVICTORIA,0,BNOTDETERMINED,2
AH5,2011,26,0,AH1,0,AH1N12009,2,AH3,0,ANOTSUBTYPED,1,BYAMAGATA,0,BVICTORIA,0,BNOTDETERMINED,1
AH5,2011,27,0,AH1,0,AH1N12009,2,AH3,1,ANOTSUBTYPED,1,BYAMAGATA,0,BVICTORIA,0,BNOTDETERMINED,1
AH5,2011,28,0,AH1,0,AH1N12009,0,AH3,3,ANOTSUBTYPED,0,BYAMAGATA,0,BVICTORIA,0,BNOTDETERMINED,3
AH5,2011,29,0,AH1,0,AH1N12009,0,AH3,3,ANOTSUBTYPED,0,BYAMAGATA,0,BVICTORIA,0,BNOTDETERMINED,5
AH5,2011,30,0,AH1,0,AH1N12009,0,AH3,0,ANOTSUBTYPED,2,BYAMAGATA,0,BVICTORIA,0,BNOTDETERMINED,1
AH5,2011,31,0,AH1,0,AH1N12009,3,AH3,2,ANOTSUBTYPED,3,BYAMAGATA,0,BVICTORIA,0,BNOTDETERMINED,2
AH5,2011,32,0,AH1,0,AH1N12009,0,AH3,3,ANOTSUBTYPED,6,BYAMAGATA,0,BVICTORIA,0,BNOTDETERMINED,2
AH5,2011,33,0,AH1,0,AH1N12009,2,AH3,5,ANOTSUBTYPED,5,BYAMAGATA,0,BVICTORIA,0,BNOTDETERMINED,3
AH5,2011,34,0,AH1,0,AH1N12009,0,AH3,5,ANOTSUBTYPED,6,BYAMAGATA,0,BVICTORIA,0,BNOTDETERMINED,5
AH5,2011,35,0,AH1,0,AH1N12009,2,AH3,2,ANOTSUBTYPED,9,BYAMAGATA,0,BVICTORIA,0,BNOTDETERMINED,1
AH5,2011,36,0,AH1,0,AH1N12009,1,AH3,3,ANOTSUBTYPED,7,BYAMAGATA,0,BVICTORIA,0,BNOTDETERMINED,2
AH5,2011,37,0,AH1,0,AH1N12009,0,AH3,6,ANOTSUBTYPED,11,BYAMAGATA,0,BVICTORIA,0,BNOTDETERMINED,2
AH5,2011,38,0,AH1,0,AH1N12009,0,AH3,4,ANOTSUBTYPED,9,BYAMAGATA,0,BVICTORIA,0,BNOTDETERMINED,7
AH5,2011,39,0,AH1,0,AH1N12009,1,AH3,10,ANOTSUBTYPED,10,BYAMAGATA,0,BVICTORIA,0,BNOTDETERMINED,5
AH5,2011,40,0,AH1,0,AH1N12009,3,AH3,14,ANOTSUBTYPED,7,BYAMAGATA,0,BVICTORIA,0,BNOTDETERMINED,9
AH5,2011,41,0,AH1,0,AH1N12009,0,AH3,9,ANOTSUBTYPED,2,BYAMAGATA,0,BVICTORIA,0,BNOTDETERMINED,8
AH5,2011,42,0,AH1,0,AH1N12009,2,AH3,10,ANOTSUBTYPED,8,BYAMAGATA,0,BVICTORIA,0,BNOTDETERMINED,8
AH5,2011,43,0,AH1,0,AH1N12009,0,AH3,12,ANOTSUBTYPED,19,BYAMAGATA,0,BVICTORIA,0,BNOTDETERMINED,12
AH5,2011,44,0,AH1,0,AH1N12009,1,AH3,17,ANOTSUBTYPED,11,BYAMAGATA,0,BVICTORIA,0,BNOTDETERMINED,9
AH5,2011,45,0,AH1,0,AH1N12009,2,AH3,15,ANOTSUBTYPED,17,BYAMAGATA,0,BVICTORIA,0,BNOTDETERMINED,15
AH5,2011,46,0,AH1,0,AH1N12009,0,AH3,15,ANOTSUBTYPED,17,BYAMAGATA,0,BVICTORIA,0,BNOTDETERMINED,11
AH5,2011,47,0,AH1,0,AH1N12009,3,AH3,23,ANOTSUBTYPED,29,BYAMAGATA,0,BVICTORIA,0,BNOTDETERMINED,20
AH5,2011,48,0,AH1,0,AH1N12009,2,AH3,32,ANOTSUBTYPED,22,BYAMAGATA,0,BVICTORIA,0,BNOTDETERMINED,17
AH5,2011,49,0,AH1,0,AH1N12009,5,AH3,38,ANOTSUBTYPED,43,BYAMAGATA,0,BVICTORIA,0,BNOTDETERMINED,20
AH5,2011,50,0,AH1,0,AH1N12009,4,AH3,78,ANOTSUBTYPED,28,BYAMAGATA,0,BVICTORIA,0,BNOTDETERMINED,19
AH5,2011,51,0,AH1,0,AH1N12009,7,AH3,104,ANOTSUBTYPED,57,BYAMAGATA,0,BVICTORIA,0,BNOTDETERMINED,24
AH5,2011,52,0,AH1,0,AH1N12009,4,AH3,107,ANOTSUBTYPED,47,BYAMAGATA,0,BVICTORIA,0,BNOTDETERMINED,17
AH5,2012,1,0,AH1,0,AH1N12009,16,AH3,101,ANOTSUBTYPED,38,BYAMAGATA,0,BVICTORIA,0,BNOTDETERMINED,22
AH5,2012,2,0,AH1,0,AH1N12009,31,AH3,138,ANOTSUBTYPED,45,BYAMAGATA,0,BVICTORIA,0,BNOTDETERMINED,15
AH5,2012,3,0,AH1,0,AH1N12009,50,AH3,195,ANOTSUBTYPED,50,BYAMAGATA,0,BVICTORIA,0,BNOTDETERMINED,17
AH5,2012,4,0,AH1,0,AH1N12009,84,AH3,256,ANOTSUBTYPED,96,BYAMAGATA,0,BVICTORIA,0,BNOTDETERMINED,30
AH5,2012,5,0,AH1,0,AH1N12009,124,AH3,365,ANOTSUBTYPED,128,BYAMAGATA,0,BVICTORIA,0,BNOTDETERMINED,41
AH5,2012,6,0,AH1,0,AH1N12009,164,AH3,419,ANOTSUBTYPED,159,BYAMAGATA,0,BVICTORIA,0,BNOTDETERMINED,55
AH5,2012,7,0,AH1,0,AH1N12009,220,AH3,506,ANOTSUBTYPED,255,BYAMAGATA,0,BVICTORIA,0,BNOTDETERMINED,69
AH5,2012,8,0,AH1,0,AH1N12009,295,AH3,690,ANOTSUBTYPED,326,BYAMAGATA,0,BVICTORIA,0,BNOTDETERMINED,75
AH5,2012,9,0,AH1,0,AH1N12009,443,AH3,986,ANOTSUBTYPED,392,BYAMAGATA,0,BVICTORIA,0,BNOTDETERMINED,107
AH5,2012,10,0,AH1,0,AH1N12009,494,AH3,1221,ANOTSUBTYPED,451,BYAMAGATA,0,BVICTORIA,0,BNOTDETERMINED,116
AH5,2012,11,0,AH1,0,AH1N12009,574,AH3,1393,ANOTSUBTYPED,482,BYAMAGATA,0,BVICTORIA,0,BNOTDETERMINED,197
AH5,2012,12,0,AH1,0,AH1N12009,436,AH3,1091,ANOTSUBTYPED,403,BYAMAGATA,0,BVICTORIA,0,BNOTDETERMINED,241
AH5,2012,13,0,AH1,0,AH1N12009,306,AH3,717,ANOTSUBTYPED,299,BYAMAGATA,0,BVICTORIA,0,BNOTDETERMINED,239
AH5,2012,14,0,AH1,0,AH1N12009,266,AH3,628,ANOTSUBTYPED,282,BYAMAGATA,0,BVICTORIA,0,BNOTDETERMINED,270
AH5,2012,15,0,AH1,0,AH1N12009,187,AH3,591,ANOTSUBTYPED,186,BYAMAGATA,0,BVICTORIA,0,BNOTDETERMINED,290
AH5,2012,16,0,AH1,0,AH1N12009,123,AH3,548,ANOTSUBTYPED,173,BYAMAGATA,0,BVICTORIA,0,BNOTDETERMINED,313
AH5,2012,17,0,AH1,0,AH1N12009,82,AH3,366,ANOTSUBTYPED,134,BYAMAGATA,0,BVICTORIA,0,BNOTDETERMINED,269
AH5,2012,18,0,AH1,0,AH1N12009,64,AH3,310,ANOTSUBTYPED,99,BYAMAGATA,0,BVICTORIA,0,BNOTDETERMINED,247
AH5,2012,19,0,AH1,0,AH1N12009,39,AH3,233,ANOTSUBTYPED,76,BYAMAGATA,0,BVICTORIA,0,BNOTDETERMINED,266
AH5,2012,20,0,AH1,0,AH1N12009,34,AH3,167,ANOTSUBTYPED,57,BYAMAGATA,0,BVICTORIA,0,BNOTDETERMINED,252
AH5,2012,21,0,AH1,0,AH1N12009,18,AH3,88,ANOTSUBTYPED,63,BYAMAGATA,0,BVICTORIA,0,BNOTDETERMINED,253
AH5,2012,22,0,AH1,0,AH1N12009,16,AH3,85,ANOTSUBTYPED,46,BYAMAGATA,0,BVICTORIA,0,BNOTDETERMINED,224
AH5,2012,23,0,AH1,0,AH1N12009,16,AH3,48,ANOTSUBTYPED,40,BYAMAGATA,0,BVICTORIA,0,BNOTDETERMINED,200
AH5,2012,24,0,AH1,0,AH1N12009,9,AH3,63,ANOTSUBTYPED,52,BYAMAGATA,0,BVICTORIA,0,BNOTDETERMINED,179
AH5,2012,25,0,AH1,0,AH1N12009,3,AH3,38,ANOTSUBTYPED,26,BYAMAGATA,0,BVICTORIA,0,BNOTDETERMINED,105
AH5,2012,26,0,AH1,0,AH1N12009,3,AH3,26,ANOTSUBTYPED,22,BYAMAGATA,0,BVICTORIA,0,BNOTDETERMINED,117
AH5,2012,27,0,AH1,0,AH1N12009,5,AH3,16,ANOTSUBTYPED,13,BYAMAGATA,0,BVICTORIA,0,BNOTDETERMINED,57
AH5,2012,28,0,AH1,0,AH1N12009,4,AH3,36,ANOTSUBTYPED,15,BYAMAGATA,0,BVICTORIA,0,BNOTDETERMINED,43
AH5,2012,29,0,AH1,0,AH1N12009,0,AH3,18,ANOTSUBTYPED,11,BYAMAGATA,0,BVICTORIA,0,BNOTDETERMINED,47
AH5,2012,30,0,AH1,0,AH1N12009,2,AH3,49,ANOTSUBTYPED,10,BYAMAGATA,0,BVICTORIA,0,BNOTDETERMINED,31
AH5,2012,31,0,AH1,0,AH1N12009,1,AH3,65,ANOTSUBTYPED,4,BYAMAGATA,0,BVICTORIA,0,BNOTDETERMINED,35
AH5,2012,32,0,AH1,0,AH1N12009,3,AH3,63,ANOTSUBTYPED,8,BYAMAGATA,0,BVICTORIA,0,BNOTDETERMINED,26
AH5,2012,33,0,AH1,0,AH1N12009,6,AH3,69,ANOTSUBTYPED,9,BYAMAGATA,0,BVICTORIA,0,BNOTDETERMINED,28
AH5,2012,34,0,AH1,0,AH1N12009,7,AH3,48,ANOTSUBTYPED,14,BYAMAGATA,0,BVICTORIA,0,BNOTDETERMINED,25
AH5,2012,35,0,AH1,0,AH1N12009,1,AH3,36,ANOTSUBTYPED,12,BYAMAGATA,0,BVICTORIA,0,BNOTDETERMINED,26
AH5,2012,36,0,AH1,0,AH1N12009,1,AH3,34,ANOTSUBTYPED,11,BYAMAGATA,0,BVICTORIA,0,BNOTDETERMINED,36
AH5,2012,37,0,AH1,0,AH1N12009,0,AH3,19,ANOTSUBTYPED,9,BYAMAGATA,0,BVICTORIA,0,BNOTDETERMINED,48
AH5,2012,38,0,AH1,0,AH1N12009,4,AH3,34,ANOTSUBTYPED,18,BYAMAGATA,0,BVICTORIA,0,BNOTDETERMINED,40
AH5,2012,39,0,AH1,0,AH1N12009,3,AH3,17,ANOTSUBTYPED,20,BYAMAGATA,0,BVICTORIA,0,BNOTDETERMINED,49
AH5,2012,40,0,AH1,0,AH1N12009,3,AH3,71,ANOTSUBTYPED,10,BYAMAGATA,0,BVICTORIA,0,BNOTDETERMINED,79
AH5,2012,41,0,AH1,0,AH1N12009,7,AH3,67,ANOTSUBTYPED,25,BYAMAGATA,0,BVICTORIA,0,BNOTDETERMINED,98
AH5,2012,42,0,AH1,0,AH1N12009,4,AH3,128,ANOTSUBTYPED,47,BYAMAGATA,0,BVICTORIA,0,BNOTDETERMINED,121
AH5,2012,43,0,AH1,0,AH1N12009,3,AH3,148,ANOTSUBTYPED,49,BYAMAGATA,0,BVICTORIA,0,BNOTDETERMINED,139
AH5,2012,44,0,AH1,0,AH1N12009,4,AH3,181,ANOTSUBTYPED,73,BYAMAGATA,0,BVICTORIA,0,BNOTDETERMINED,151
AH5,2012,45,0,AH1,0,AH1N12009,5,AH3,269,ANOTSUBTYPED,114,BYAMAGATA,0,BVICTORIA,0,BNOTDETERMINED,231
AH5,2012,46,0,AH1,0,AH1N12009,8,AH3,366,ANOTSUBTYPED,210,BYAMAGATA,0,BVICTORIA,0,BNOTDETERMINED,265
AH5,2012,47,0,AH1,0,AH1N12009,8,AH3,592,ANOTSUBTYPED,406,BYAMAGATA,0,BVICTORIA,0,BNOTDETERMINED,362
AH5,2012,48,0,AH1,0,AH1N12009,17,AH3,992,ANOTSUBTYPED,532,BYAMAGATA,0,BVICTORIA,0,BNOTDETERMINED,497
AH5,2012,49,0,AH1,0,AH1N12009,36,AH3,1739,ANOTSUBTYPED,979,BYAMAGATA,0,BVICTORIA,0,BNOTDETERMINED,678
AH5,2012,50,0,AH1,0,AH1N12009,49,AH3,2572,ANOTSUBTYPED,1141,BYAMAGATA,0,BVICTORIA,0,BNOTDETERMINED,822
AH5,2012,51,0,AH1,0,AH1N12009,54,AH3,3528,ANOTSUBTYPED,1251,BYAMAGATA,0,BVICTORIA,0,BNOTDETERMINED,1096
AH5,2012,52,0,AH1,0,AH1N12009,78,AH3,3673,ANOTSUBTYPED,1532,BYAMAGATA,0,BVICTORIA,0,BNOTDETERMINED,1162
AH5,2013,1,0,AH1,0,AH1N12009,84,AH3,3640,ANOTSUBTYPED,1653,BYAMAGATA,0,BVICTORIA,0,BNOTDETERMINED,1097
AH5,2013,2,0,AH1,0,AH1N12009,96,AH3,3889,ANOTSUBTYPED,1767,BYAMAGATA,0,BVICTORIA,0,BNOTDETERMINED,1145
AH5,2013,3,0,AH1,0,AH1N12009,113,AH3,3121,ANOTSUBTYPED,1624,BYAMAGATA,0,BVICTORIA,0,BNOTDETERMINED,1078
AH5,2013,4,0,AH1,0,AH1N12009,129,AH3,2382,ANOTSUBTYPED,1528,BYAMAGATA,0,BVICTORIA,0,BNOTDETERMINED,1091
AH5,2013,5,0,AH1,0,AH1N12009,122,AH3,1890,ANOTSUBTYPED,951,BYAMAGATA,0,BVICTORIA,0,BNOTDETERMINED,1076
AH5,2013,6,0,AH1,0,AH1N12009,121,AH3,1181,ANOTSUBTYPED,706,BYAMAGATA,0,BVICTORIA,0,BNOTDETERMINED,1051
AH5,2013,7,0,AH1,0,AH1N12009,69,AH3,798,ANOTSUBTYPED,486,BYAMAGATA,0,BVICTORIA,0,BNOTDETERMINED,1032
AH5,2013,8,0,AH1,0,AH1N12009,74,AH3,548,ANOTSUBTYPED,363,BYAMAGATA,0,BVICTORIA,0,BNOTDETERMINED,1084
AH5,2013,9,0,AH1,0,AH1N12009,49,AH3,392,ANOTSUBTYPED,289,BYAMAGATA,0,BVICTORIA,0,BNOTDETERMINED,1046
AH5,2013,10,0,AH1,0,AH1N12009,61,AH3,301,ANOTSUBTYPED,200,BYAMAGATA,0,BVICTORIA,0,BNOTDETERMINED,1083
AH5,2013,11,0,AH1,0,AH1N12009,41,AH3,202,ANOTSUBTYPED,191,BYAMAGATA,0,BVICTORIA,0,BNOTDETERMINED,1018
AH5,2013,12,0,AH1,0,AH1N12009,29,AH3,159,ANOTSUBTYPED,137,BYAMAGATA,0,BVICTORIA,0,BNOTDETERMINED,894
AH5,2013,13,0,AH1,0,AH1N12009,31,AH3,98,ANOTSUBTYPED,92,BYAMAGATA,0,BVICTORIA,0,BNOTDETERMINED,732
AH5,2013,14,0,AH1,0,AH1N12009,31,AH3,120,ANOTSUBTYPED,101,BYAMAGATA,0,BVICTORIA,0,BNOTDETERMINED,641
AH5,2013,15,0,AH1,0,AH1N12009,44,AH3,67,ANOTSUBTYPED,63,BYAMAGATA,0,BVICTORIA,0,BNOTDETERMINED,457
AH5,2013,16,0,AH1,0,AH1N12009,27,AH3,73,ANOTSUBTYPED,43,BYAMAGATA,0,BVICTORIA,0,BNOTDETERMINED,311
AH5,2013,17,0,AH1,0,AH1N12009,33,AH3,61,ANOTSUBTYPED,46,BYAMAGATA,0,BVICTORIA,0,BNOTDETERMINED,239
AH5,2013,18,0,AH1,0,AH1N12009,15,AH3,54,ANOTSUBTYPED,29,BYAMAGATA,0,BVICTORIA,0,BNOTDETERMINED,195
AH5,2013,19,0,AH1,0,AH1N12009,12,AH3,36,ANOTSUBTYPED,27,BYAMAGATA,0,BVICTORIA,0,BNOTDETERMINED,174
AH5,2013,20,0,AH1,0,AH1N12009,11,AH3,24,ANOTSUBTYPED,19,BYAMAGATA,0,BVICTORIA,0,BNOTDETERMINED,120
AH5,2013,21,0,AH1,0,AH1N12009,13,AH3,18,ANOTSUBTYPED,21,BYAMAGATA,0,BVICTORIA,0,BNOTDETERMINED,109
AH5,2013,22,0,AH1,0,AH1N12009,14,AH3,14,ANOTSUBTYPED,28,BYAMAGATA,0,BVICTORIA,0,BNOTDETERMINED,92
AH5,2013,23,0,AH1,0,AH1N12009,10,AH3,12,ANOTSUBTYPED,29,BYAMAGATA,0,BVICTORIA,0,BNOTDETERMINED,78
AH5,2013,24,0,AH1,0,AH1N12009,20,AH3,12,ANOTSUBTYPED,32,BYAMAGATA,0,BVICTORIA,0,BNOTDETERMINED,62
AH5,2013,25,0,AH1,0,AH1N12009,5,AH3,10,ANOTSUBTYPED,31,BYAMAGATA,0,BVICTORIA,0,BNOTDETERMINED,47
AH5,2013,26,0,AH1,0,AH1N12009,6,AH3,5,ANOTSUBTYPED,21,BYAMAGATA,0,BVICTORIA,0,BNOTDETERMINED,27
AH5,2013,27,0,AH1,0,AH1N12009,6,AH3,12,ANOTSUBTYPED,22,BYAMAGATA,0,BVICTORIA,0,BNOTDETERMINED,23
AH5,2013,28,0,AH1,0,AH1N12009,6,AH3,27,ANOTSUBTYPED,33,BYAMAGATA,0,BVICTORIA,0,BNOTDETERMINED,13
AH5,2013,29,0,AH1,0,AH1N12009,5,AH3,12,ANOTSUBTYPED,24,BYAMAGATA,0,BVICTORIA,0,BNOTDETERMINED,14
AH5,2013,30,0,AH1,0,AH1N12009,11,AH3,10,ANOTSUBTYPED,29,BYAMAGATA,0,BVICTORIA,0,BNOTDETERMINED,9
AH5,2013,31,0,AH1,0,AH1N12009,8,AH3,14,ANOTSUBTYPED,31,BYAMAGATA,0,BVICTORIA,0,BNOTDETERMINED,20
AH5,2013,32,0,AH1,0,AH1N12009,14,AH3,11,ANOTSUBTYPED,26,BYAMAGATA,0,BVICTORIA,0,BNOTDETERMINED,12
AH5,2013,33,0,AH1,0,AH1N12009,13,AH3,3,ANOTSUBTYPED,32,BYAMAGATA,0,BVICTORIA,0,BNOTDETERMINED,10
AH5,2013,34,0,AH1,0,AH1N12009,9,AH3,4,ANOTSUBTYPED,41,BYAMAGATA,0,BVICTORIA,0,BNOTDETERMINED,3
AH5,2013,35,0,AH1,0,AH1N12009,39,AH3,3,ANOTSUBTYPED,67,BYAMAGATA,0,BVICTORIA,0,BNOTDETERMINED,10
AH5,2013,36,0,AH1,0,AH1N12009,23,AH3,5,ANOTSUBTYPED,73,BYAMAGATA,0,BVICTORIA,0,BNOTDETERMINED,12
AH5,2013,37,0,AH1,0,AH1N12009,48,AH3,7,ANOTSUBTYPED,60,BYAMAGATA,0,BVICTORIA,0,BNOTDETERMINED,7
AH5,2013,38,0,AH1,0,AH1N12009,32,AH3,7,ANOTSUBTYPED,56,BYAMAGATA,0,BVICTORIA,0,BNOTDETERMINED,22
AH5,2013,39,0,AH1,0,AH1N12009,49,AH3,10,ANOTSUBTYPED,56,BYAMAGATA,0,BVICTORIA,0,BNOTDETERMINED,22
AH5,2013,40,0,AH1,0,AH1N12009,64,AH3,10,ANOTSUBTYPED,84,BYAMAGATA,0,BVICTORIA,0,BNOTDETERMINED,26
AH5,2013,41,0,AH1,0,AH1N12009,57,AH3,21,ANOTSUBTYPED,115,BYAMAGATA,0,BVICTORIA,0,BNOTDETERMINED,28
AH5,2013,42,0,AH1,0,AH1N12009,34,AH3,12,ANOTSUBTYPED,104,BYAMAGATA,0,BVICTORIA,0,BNOTDETERMINED,25
AH5,2013,43,0,AH1,0,AH1N12009,65,AH3,16,ANOTSUBTYPED,102,BYAMAGATA,0,BVICTORIA,0,BNOTDETERMINED,14
AH5,2013,44,0,AH1,0,AH1N12009,74,AH3,24,ANOTSUBTYPED,135,BYAMAGATA,0,BVICTORIA,0,BNOTDETERMINED,41
AH5,2013,45,0,AH1,0,AH1N12009,150,AH3,28,ANOTSUBTYPED,173,BYAMAGATA,0,BVICTORIA,0,BNOTDETERMINED,43
AH5,2013,46,0,AH1,0,AH1N12009,265,AH3,25,ANOTSUBTYPED,191,BYAMAGATA,0,BVICTORIA,0,BNOTDETERMINED,39
AH5,2013,47,0,AH1,0,AH1N12009,417,AH3,20,ANOTSUBTYPED,211,BYAMAGATA,0,BVICTORIA,0,BNOTDETERMINED,55
AH5,2013,48,0,AH1,0,AH1N12009,465,AH3,28,ANOTSUBTYPED,330,BYAMAGATA,0,BVICTORIA,0,BNOTDETERMINED,40
AH5,2013,49,0,AH1,0,AH1N12009,899,AH3,30,ANOTSUBTYPED,726,BYAMAGATA,0,BVICTORIA,0,BNOTDETERMINED,67
AH5,2013,50,0,AH1,0,AH1N12009,1062,AH3,46,ANOTSUBTYPED,813,BYAMAGATA,0,BVICTORIA,0,BNOTDETERMINED,47
AH5,2013,51,0,AH1,0,AH1N12009,1996,AH3,50,ANOTSUBTYPED,1577,BYAMAGATA,0,BVICTORIA,0,BNOTDETERMINED,62
AH5,2013,52,0,AH1,0,AH1N12009,2663,AH3,39,ANOTSUBTYPED,1689,BYAMAGATA,0,BVICTORIA,0,BNOTDETERMINED,87
AH5,2014,1,0,AH1,0,AH1N12009,3317,AH3,79,ANOTSUBTYPED,1502,BYAMAGATA,0,BVICTORIA,0,BNOTDETERMINED,84
AH5,2014,2,0,AH1,0,AH1N12009,3204,AH3,104,ANOTSUBTYPED,1246,BYAMAGATA,0,BVICTORIA,0,BNOTDETERMINED,82
AH5,2014,3,0,AH1,0,AH1N12009,2907,AH3,107,ANOTSUBTYPED,1119,BYAMAGATA,0,BVICTORIA,0,BNOTDETERMINED,110
AH5,2014,4,0,AH1,0,AH1N12009,2341,AH3,118,ANOTSUBTYPED,1002,BYAMAGATA,0,BVICTORIA,0,BNOTDETERMINED,152
AH5,2014,5,0,AH1,0,AH1N12009,1735,AH3,77,ANOTSUBTYPED,743,BYAMAGATA,0,BVICTORIA,0,BNOTDETERMINED,153
AH5,2014,6,0,AH1,0,AH1N12009,1451,AH3,115,ANOTSUBTYPED,525,BYAMAGATA,0,BVICTORIA,0,BNOTDETERMINED,198
AH5,2014,7,0,AH1,0,AH1N12009,1056,AH3,91,ANOTSUBTYPED,466,BYAMAGATA,0,BVICTORIA,0,BNOTDETERMINED,199
AH5,2014,8,0,AH1,0,AH1N12009,741,AH3,85,ANOTSUBTYPED,327,BYAMAGATA,0,BVICTORIA,0,BNOTDETERMINED,220
AH5,2014,9,0,AH1,0,AH1N12009,454,AH3,85,ANOTSUBTYPED,250,BYAMAGATA,0,BVICTORIA,0,BNOTDETERMINED,237
AH5,2014,10,0,AH1,0,AH1N12009,390,AH3,99,ANOTSUBTYPED,204,BYAMAGATA,0,BVICTORIA,0,BNOTDETERMINED,281
AH5,2014,11,0,AH1,0,AH1N12009,330,AH3,132,ANOTSUBTYPED,155,BYAMAGATA,0,BVICTORIA,0,BNOTDETERMINED,313
AH5,2014,12,0,AH1,0,AH1N12009,187,AH3,149,ANOTSUBTYPED,181,BYAMAGATA,0,BVICTORIA,0,BNOTDETERMINED,402
AH5,2014,13,0,AH1,0,AH1N12009,134,AH3,161,ANOTSUBTYPED,176,BYAMAGATA,0,BVICTORIA,0,BNOTDETERMINED,462
AH5,2014,14,0,AH1,0,AH1N12009,98,AH3,221,ANOTSUBTYPED,128,BYAMAGATA,0,BVICTORIA,0,BNOTDETERMINED,492
AH5,2014,15,0,AH1,0,AH1N12009,46,AH3,221,ANOTSUBTYPED,154,BYAMAGATA,0,BVICTORIA,0,BNOTDETERMINED,533
AH5,2014,16,0,AH1,0,AH1N12009,28,AH3,195,ANOTSUBTYPED,128,BYAMAGATA,0,BVICTORIA,0,BNOTDETERMINED,445
AH5,2014,17,0,AH1,0,AH1N12009,15,AH3,174,ANOTSUBTYPED,123,BYAMAGATA,0,BVICTORIA,0,BNOTDETERMINED,405
AH5,2014,18,0,AH1,0,AH1N12009,13,AH3,141,ANOTSUBTYPED,128,BYAMAGATA,0,BVICTORIA,0,BNOTDETERMINED,415
AH5,2014,19,0,AH1,0,AH1N12009,7,AH3,128,ANOTSUBTYPED,99,BYAMAGATA,0,BVICTORIA,0,BNOTDETERMINED,327
AH5,2014,20,0,AH1,0,AH1N12009,6,AH3,100,ANOTSUBTYPED,96,BYAMAGATA,0,BVICTORIA,0,BNOTDETERMINED,294
AH5,2014,21,0,AH1,0,AH1N12009,1,AH3,101,ANOTSUBTYPED,61,BYAMAGATA,0,BVICTORIA,0,BNOTDETERMINED,222
AH5,2014,22,0,AH1,0,AH1N12009,3,AH3,103,ANOTSUBTYPED,82,BYAMAGATA,0,BVICTORIA,0,BNOTDETERMINED,208
AH5,2014,23,0,AH1,0,AH1N12009,2,AH3,86,ANOTSUBTYPED,51,BYAMAGATA,0,BVICTORIA,0,BNOTDETERMINED,131
AH5,2014,24,0,AH1,0,AH1N12009,3,AH3,99,ANOTSUBTYPED,49,BYAMAGATA,0,BVICTORIA,0,BNOTDETERMINED,139
AH5,2014,25,0,AH1,0,AH1N12009,3,AH3,69,ANOTSUBTYPED,43,BYAMAGATA,0,BVICTORIA,0,BNOTDETERMINED,106
AH5,2014,26,0,AH1,0,AH1N12009,0,AH3,45,ANOTSUBTYPED,28,BYAMAGATA,0,BVICTORIA,0,BNOTDETERMINED,97
AH5,2014,27,0,AH1,0,AH1N12009,1,AH3,46,ANOTSUBTYPED,26,BYAMAGATA,0,BVICTORIA,0,BNOTDETERMINED,80
AH5,2014,28,0,AH1,0,AH1N12009,3,AH3,53,ANOTSUBTYPED,29,BYAMAGATA,0,BVICTORIA,0,BNOTDETERMINED,59
AH5,2014,29,0,AH1,0,AH1N12009,0,AH3,32,ANOTSUBTYPED,20,BYAMAGATA,0,BVICTORIA,0,BNOTDETERMINED,42
AH5,2014,30,0,AH1,0,AH1N12009,1,AH3,36,ANOTSUBTYPED,28,BYAMAGATA,0,BVICTORIA,0,BNOTDETERMINED,50
AH5,2014,31,0,AH1,0,AH1N12009,2,AH3,46,ANOTSUBTYPED,25,BYAMAGATA,0,BVICTORIA,0,BNOTDETERMINED,21
AH5,2014,32,0,AH1,0,AH1N12009,3,AH3,39,ANOTSUBTYPED,15,BYAMAGATA,0,BVICTORIA,0,BNOTDETERMINED,21
AH5,2014,33,0,AH1,0,AH1N12009,1,AH3,54,ANOTSUBTYPED,21,BYAMAGATA,0,BVICTORIA,0,BNOTDETERMINED,36
AH5,2014,34,0,AH1,0,AH1N12009,3,AH3,44,ANOTSUBTYPED,18,BYAMAGATA,0,BVICTORIA,0,BNOTDETERMINED,40
AH5,2014,35,0,AH1,0,AH1N12009,6,AH3,59,ANOTSUBTYPED,28,BYAMAGATA,0,BVICTORIA,0,BNOTDETERMINED,40
AH5,2014,36,0,AH1,0,AH1N12009,7,AH3,42,ANOTSUBTYPED,33,BYAMAGATA,0,BVICTORIA,0,BNOTDETERMINED,29
AH5,2014,37,0,AH1,0,AH1N12009,1,AH3,65,ANOTSUBTYPED,33,BYAMAGATA,0,BVICTORIA,0,BNOTDETERMINED,30
AH5,2014,38,0,AH1,0,AH1N12009,6,AH3,80,ANOTSUBTYPED,32,BYAMAGATA,0,BVICTORIA,0,BNOTDETERMINED,53
AH5,2014,39,0,AH1,0,AH1N12009,1,AH3,84,ANOTSUBTYPED,51,BYAMAGATA,0,BVICTORIA,0,BNOTDETERMINED,64
AH5,2014,40,0,AH1,0,AH1N12009,2,AH3,100,ANOTSUBTYPED,97,BYAMAGATA,0,BVICTORIA,0,BNOTDETERMINED,110
AH5,2014,41,0,AH1,0,AH1N12009,5,AH3,125,ANOTSUBTYPED,149,BYAMAGATA,0,BVICTORIA,0,BNOTDETERMINED,160
AH5,2014,42,0,AH1,0,AH1N12009,7,AH3,226,ANOTSUBTYPED,186,BYAMAGATA,0,BVICTORIA,0,BNOTDETERMINED,164
AH5,2014,43,0,AH1,0,AH1N12009,5,AH3,212,ANOTSUBTYPED,200,BYAMAGATA,0,BVICTORIA,0,BNOTDETERMINED,127
AH5,2014,44,0,AH1,0,AH1N12009,4,AH3,295,ANOTSUBTYPED,292,BYAMAGATA,0,BVICTORIA,0,BNOTDETERMINED,135
AH5,2014,45,0,AH1,0,AH1N12009,6,AH3,506,ANOTSUBTYPED,489,BYAMAGATA,0,BVICTORIA,0,BNOTDETERMINED,155
AH5,2014,46,0,AH1,0,AH1N12009,8,AH3,632,ANOTSUBTYPED,629,BYAMAGATA,0,BVICTORIA,0,BNOTDETERMINED,147
AH5,2014,47,0,AH1,0,AH1N12009,5,AH3,1001,ANOTSUBTYPED,1233,BYAMAGATA,0,BVICTORIA,0,BNOTDETERMINED,163
AH5,2014,48,0,AH1,0,AH1N12009,8,AH3,1538,ANOTSUBTYPED,1878,BYAMAGATA,0,BVICTORIA,0,BNOTDETERMINED,200
AH5,2014,49,0,AH1,0,AH1N12009,11,AH3,2296,ANOTSUBTYPED,2398,BYAMAGATA,0,BVICTORIA,0,BNOTDETERMINED,242
AH5,2014,50,0,AH1,0,AH1N12009,6,AH3,3814,ANOTSUBTYPED,4047,BYAMAGATA,0,BVICTORIA,0,BNOTDETERMINED,315
AH5,2014,51,0,AH1,0,AH1N12009,4,AH3,4972,ANOTSUBTYPED,6163,BYAMAGATA,0,BVICTORIA,0,BNOTDETERMINED,325
AH5,2014,52,0,AH1,0,AH1N12009,10,AH3,5498,ANOTSUBTYPED,7847,BYAMAGATA,0,BVICTORIA,0,BNOTDETERMINED,392
AH5,2015,1,0,AH1,0,AH1N12009,10,AH3,5292,ANOTSUBTYPED,5695,BYAMAGATA,0,BVICTORIA,0,BNOTDETERMINED,409
AH5,2015,2,0,AH1,0,AH1N12009,10,AH3,4901,ANOTSUBTYPED,3955,BYAMAGATA,0,BVICTORIA,0,BNOTDETERMINED,372
AH5,2015,3,0,AH1,0,AH1N12009,8,AH3,4584,ANOTSUBTYPED,3580,BYAMAGATA,0,BVICTORIA,0,BNOTDETERMINED,473
AH5,2015,4,0,AH1,0,AH1N12009,4,AH3,3917,ANOTSUBTYPED,3513,BYAMAGATA,0,BVICTORIA,0,BNOTDETERMINED,548
AH5,2015,5,0,AH1,0,AH1N12009,10,AH3,3475,ANOTSUBTYPED,2789,BYAMAGATA,0,BVICTORIA,0,BNOTDETERMINED,606
AH5,2015,6,0,AH1,0,AH1N12009,10,AH3,2719,ANOTSUBTYPED,2170,BYAMAGATA,0,BVICTORIA,0,BNOTDETERMINED,723
AH5,2015,7,0,AH1,0,AH1N12009,7,AH3,1744,ANOTSUBTYPED,1575,BYAMAGATA,0,BVICTORIA,0,BNOTDETERMINED,869
AH5,2015,8,0,AH1,0,AH1N12009,10,AH3,1242,ANOTSUBTYPED,1108,BYAMAGATA,0,BVICTORIA,0,BNOTDETERMINED,1009
AH5,2015,9,0,AH1,0,AH1N12009,18,AH3,954,ANOTSUBTYPED,740,BYAMAGATA,0,BVICTORIA,0,BNOTDETERMINED,1127
AH5,2015,10,0,AH1,0,AH1N12009,5,AH3,774,ANOTSUBTYPED,557,BYAMAGATA,0,BVICTORIA,0,BNOTDETERMINED,1352
AH5,2015,11,0,AH1,0,AH1N12009,7,AH3,458,ANOTSUBTYPED,405,BYAMAGATA,0,BVICTORIA,0,BNOTDETERMINED,1654
AH5,2015,12,0,AH1,0,AH1N12009,2,AH3,340,ANOTSUBTYPED,302,BYAMAGATA,0,BVICTORIA,0,BNOTDETERMINED,1564
AH5,2015,13,0,AH1,0,AH1N12009,7,AH3,227,ANOTSUBTYPED,197,BYAMAGATA,0,BVICTORIA,0,BNOTDETERMINED,1479
AH5,2015,14,0,AH1,0,AH1N12009,4,AH3,168,ANOTSUBTYPED,119,BYAMAGATA,0,BVICTORIA,0,BNOTDETERMINED,1375
AH5,2015,15,0,AH1,0,AH1N12009,7,AH3,87,ANOTSUBTYPED,107,BYAMAGATA,0,BVICTORIA,0,BNOTDETERMINED,1271
AH5,2015,16,0,AH1,0,AH1N12009,13,AH3,66,ANOTSUBTYPED,79,BYAMAGATA,0,BVICTORIA,0,BNOTDETERMINED,969
AH5,2015,17,0,AH1,0,AH1N12009,1,AH3,48,ANOTSUBTYPED,40,BYAMAGATA,0,BVICTORIA,0,BNOTDETERMINED,683
AH5,2015,18,0,AH1,0,AH1N12009,4,AH3,26,ANOTSUBTYPED,36,BYAMAGATA,0,BVICTORIA,0,BNOTDETERMINED,543
AH5,2015,19,0,AH1,0,AH1N12009,2,AH3,12,ANOTSUBTYPED,19,BYAMAGATA,0,BVICTORIA,0,BNOTDETERMINED,494
AH5,2015,20,0,AH1,0,AH1N12009,2,AH3,16,ANOTSUBTYPED,26,BYAMAGATA,0,BVICTORIA,0,BNOTDETERMINED,340
AH5,2015,21,0,AH1,0,AH1N12009,0,AH3,21,ANOTSUBTYPED,19,BYAMAGATA,0,BVICTORIA,0,BNOTDETERMINED,267
AH5,2015,22,0,AH1,0,AH1N12009,1,AH3,20,ANOTSUBTYPED,21,BYAMAGATA,0,BVICTORIA,0,BNOTDETERMINED,184
AH5,2015,23,0,AH1,0,AH1N12009,0,AH3,20,ANOTSUBTYPED,22,BYAMAGATA,0,BVICTORIA,0,BNOTDETERMINED,151
AH5,2015,24,0,AH1,0,AH1N12009,1,AH3,20,ANOTSUBTYPED,28,BYAMAGATA,0,BVICTORIA,0,BNOTDETERMINED,129
AH5,2015,25,0,AH1,0,AH1N12009,2,AH3,50,ANOTSUBTYPED,22,BYAMAGATA,0,BVICTORIA,0,BNOTDETERMINED,78
AH5,2015,26,0,AH1,0,AH1N12009,0,AH3,51,ANOTSUBTYPED,24,BYAMAGATA,0,BVICTORIA,0,BNOTDETERMINED,46
AH5,2015,27,0,AH1,0,AH1N12009,2,AH3,59,ANOTSUBTYPED,35,BYAMAGATA,0,BVICTORIA,0,BNOTDETERMINED,33
AH5,2015,28,0,AH1,0,AH1N12009,4,AH3,40,ANOTSUBTYPED,18,BYAMAGATA,0,BVICTORIA,0,BNOTDETERMINED,36
AH5,2015,29,0,AH1,0,AH1N12009,3,AH3,35,ANOTSUBTYPED,11,BYAMAGATA,0,BVICTORIA,0,BNOTDETERMINED,37
AH5,2015,30,0,AH1,0,AH1N12009,4,AH3,34,ANOTSUBTYPED,19,BYAMAGATA,0,BVICTORIA,0,BNOTDETERMINED,23
AH5,2015,31,0,AH1,0,AH1N12009,0,AH3,44,ANOTSUBTYPED,23,BYAMAGATA,0,BVICTORIA,0,BNOTDETERMINED,10
AH5,2015,32,0,AH1,0,AH1N12009,4,AH3,50,ANOTSUBTYPED,20,BYAMAGATA,0,BVICTORIA,0,BNOTDETERMINED,17
AH5,2015,33,0,AH1,0,AH1N12009,3,AH3,33,ANOTSUBTYPED,30,BYAMAGATA,0,BVICTORIA,0,BNOTDETERMINED,13
AH5,2015,34,0,AH1,0,AH1N12009,2,AH3,53,ANOTSUBTYPED,25,BYAMAGATA,0,BVICTORIA,0,BNOTDETERMINED,16
AH5,2015,35,0,AH1,0,AH1N12009,3,AH3,42,ANOTSUBTYPED,33,BYAMAGATA,0,BVICTORIA,0,BNOTDETERMINED,20
AH5,2015,36,0,AH1,0,AH1N12009,3,AH3,63,ANOTSUBTYPED,41,BYAMAGATA,0,BVICTORIA,0,BNOTDETERMINED,27
AH5,2015,37,0,AH1,0,AH1N12009,1,AH3,70,ANOTSUBTYPED,32,BYAMAGATA,0,BVICTORIA,0,BNOTDETERMINED,28
AH5,2015,38,0,AH1,0,AH1N12009,3,AH3,76,ANOTSUBTYPED,55,BYAMAGATA,0,BVICTORIA,0,BNOTDETERMINED,33
AH5,2015,39,0,AH1,0,AH1N12009,0,AH3,27,ANOTSUBTYPED,55,BYAMAGATA,0,BVICTORIA,0,BNOTDETERMINED,33
AH5,2015,40,0,AH1,0,AH1N12009,6,AH3,17,ANOTSUBTYPED,50,BYAMAGATA,0,BVICTORIA,0,BNOTDETERMINED,32
AH5,2015,41,,AH1,0,AH1N12009,4,AH3,65,ANOTSUBTYPED,86,BYAMAGATA,1,BVICTORIA,0,BNOTDETERMINED,53
AH5,2015,42,,AH1,0,AH1N12009,5,AH3,41,ANOTSUBTYPED,118,BYAMAGATA,0,BVICTORIA,3,BNOTDETERMINED,61
AH5,2015,43,,AH1,0,AH1N12009,10,AH3,50,ANOTSUBTYPED,98,BYAMAGATA,2,BVICTORIA,3,BNOTDETERMINED,60
AH5,2015,44,,AH1,0,AH1N12009,9,AH3,31,ANOTSUBTYPED,102,BYAMAGATA,4,BVICTORIA,1,BNOTDETERMINED,61
AH5,2015,45,,AH1,0,AH1N12009,4,AH3,23,ANOTSUBTYPED,101,BYAMAGATA,4,BVICTORIA,1,BNOTDETERMINED,77
AH5,2015,46,,AH1,0,AH1N12009,11,AH3,34,ANOTSUBTYPED,123,BYAMAGATA,2,BVICTORIA,4,BNOTDETERMINED,96
AH5,2015,47,,AH1,0,AH1N12009,17,AH3,42,ANOTSUBTYPED,85,BYAMAGATA,4,BVICTORIA,0,BNOTDETERMINED,102
AH5,2015,48,,AH1,0,AH1N12009,17,AH3,24,ANOTSUBTYPED,119,BYAMAGATA,9,BVICTORIA,3,BNOTDETERMINED,96
AH5,2015,49,,AH1,0,AH1N12009,27,AH3,36,ANOTSUBTYPED,148,BYAMAGATA,12,BVICTORIA,3,BNOTDETERMINED,90
AH5,2015,50,,AH1,0,AH1N12009,38,AH3,37,ANOTSUBTYPED,143,BYAMAGATA,11,BVICTORIA,2,BNOTDETERMINED,117
AH5,2015,51,,AH1,0,AH1N12009,69,AH3,39,ANOTSUBTYPED,244,BYAMAGATA,19,BVICTORIA,4,BNOTDETERMINED,202
AH5,2015,52,,AH1,0,AH1N12009,89,AH3,33,ANOTSUBTYPED,221,BYAMAGATA,28,BVICTORIA,3,BNOTDETERMINED,178
AH5,2015,53,,AH1,0,AH1N12009,146,AH3,56,ANOTSUBTYPED,265,BYAMAGATA,35,BVICTORIA,9,BNOTDETERMINED,213
AH5,2016,1,,AH1,0,AH1N12009,232,AH3,68,ANOTSUBTYPED,398,BYAMAGATA,52,BVICTORIA,12,BNOTDETERMINED,198
AH5,2016,2,,AH1,0,AH1N12009,256,AH3,89,ANOTSUBTYPED,576,BYAMAGATA,60,BVICTORIA,23,BNOTDETERMINED,271
AH5,2016,3,,AH1,0,AH1N12009,361,AH3,100,ANOTSUBTYPED,729,BYAMAGATA,83,BVICTORIA,25,BNOTDETERMINED,360
AH5,2016,4,,AH1,0,AH1N12009,526,AH3,160,ANOTSUBTYPED,1050,BYAMAGATA,104,BVICTORIA,28,BNOTDETERMINED,509
AH5,2016,5,,AH1,0,AH1N12009,672,AH3,171,ANOTSUBTYPED,1585,BYAMAGATA,143,BVICTORIA,62,BNOTDETERMINED,685
AH5,2016,6,,AH1,0,AH1N12009,891,AH3,236,ANOTSUBTYPED,2282,BYAMAGATA,206,BVICTORIA,71,BNOTDETERMINED,1025
AH5,2016,7,,AH1,0,AH1N12009,1340,AH3,256,ANOTSUBTYPED,3154,BYAMAGATA,309,BVICTORIA,103,BNOTDETERMINED,1271
AH5,2016,8,,AH1,0,AH1N12009,1672,AH3,232,ANOTSUBTYPED,4438,BYAMAGATA,383,BVICTORIA,156,BNOTDETERMINED,1491
AH5,2016,9,,AH1,0,AH1N12009,1886,AH3,313,ANOTSUBTYPED,5555,BYAMAGATA,347,BVICTORIA,143,BNOTDETERMINED,1840
AH5,2016,10,,AH1,0,AH1N12009,2173,AH3,313,ANOTSUBTYPED,6726,BYAMAGATA,333,BVICTORIA,162,BNOTDETERMINED,2264
AH5,2016,11,,AH1,0,AH1N12009,1514,AH3,213,ANOTSUBTYPED,5071,BYAMAGATA,278,BVICTORIA,154,BNOTDETERMINED,1975
AH5,2016,12,,AH1,0,AH1N12009,1058,AH3,198,ANOTSUBTYPED,3938,BYAMAGATA,207,BVICTORIA,117,BNOTDETERMINED,1837
AH5,2016,13,,AH1,0,AH1N12009,807,AH3,180,ANOTSUBTYPED,2998,BYAMAGATA,211,BVICTORIA,127,BNOTDETERMINED,1722
AH5,2016,14,,AH1,0,AH1N12009,534,AH3,135,ANOTSUBTYPED,2004,BYAMAGATA,163,BVICTORIA,106,BNOTDETERMINED,1563
AH5,2016,15,,AH1,0,AH1N12009,383,AH3,117,ANOTSUBTYPED,1522,BYAMAGATA,162,BVICTORIA,88,BNOTDETERMINED,1512
AH5,2016,16,,AH1,0,AH1N12009,276,AH3,127,ANOTSUBTYPED,1139,BYAMAGATA,163,BVICTORIA,86,BNOTDETERMINED,1487
AH5,2016,17,,AH1,0,AH1N12009,167,AH3,98,ANOTSUBTYPED,706,BYAMAGATA,119,BVICTORIA,78,BNOTDETERMINED,1237
AH5,2016,18,,AH1,0,AH1N12009,77,AH3,59,ANOTSUBTYPED,429,BYAMAGATA,82,BVICTORIA,53,BNOTDETERMINED,902
AH5,2016,19,,AH1,0,AH1N12009,53,AH3,62,ANOTSUBTYPED,282,BYAMAGATA,71,BVICTORIA,36,BNOTDETERMINED,715
AH5,2016,20,,AH1,0,AH1N12009,35,AH3,77,ANOTSUBTYPED,228,BYAMAGATA,50,BVICTORIA,14,BNOTDETERMINED,549
AH5,2016,21,,AH1,0,AH1N12009,16,AH3,44,ANOTSUBTYPED,141,BYAMAGATA,32,BVICTORIA,22,BNOTDETERMINED,438
AH5,2016,22,,AH1,0,AH1N12009,4,AH3,13,ANOTSUBTYPED,83,BYAMAGATA,35,BVICTORIA,14,BNOTDETERMINED,250
AH5,2016,23,,AH1,0,AH1N12009,5,AH3,15,ANOTSUBTYPED,71,BYAMAGATA,17,BVICTORIA,6,BNOTDETERMINED,221
AH5,2016,24,,AH1,0,AH1N12009,7,AH3,18,ANOTSUBTYPED,59,BYAMAGATA,10,BVICTORIA,6,BNOTDETERMINED,100
AH5,2016,25,,AH1,0,AH1N12009,5,AH3,22,ANOTSUBTYPED,44,BYAMAGATA,11,BVICTORIA,9,BNOTDETERMINED,93
AH5,2016,26,,AH1,0,AH1N12009,3,AH3,18,ANOTSUBTYPED,29,BYAMAGATA,9,BVICTORIA,6,BNOTDETERMINED,55
AH5,2016,27,,AH1,0,AH1N12009,2,AH3,18,ANOTSUBTYPED,24,BYAMAGATA,9,BVICTORIA,5,BNOTDETERMINED,35
AH5,2016,28,,AH1,0,AH1N12009,1,AH3,21,ANOTSUBTYPED,25,BYAMAGATA,11,BVICTORIA,2,BNOTDETERMINED,34
AH5,2016,29,,AH1,0,AH1N12009,2,AH3,18,ANOTSUBTYPED,25,BYAMAGATA,10,BVICTORIA,0,BNOTDETERMINED,30
AH5,2016,30,,AH1,0,AH1N12009,2,AH3,38,ANOTSUBTYPED,20,BYAMAGATA,10,BVICTORIA,2,BNOTDETERMINED,27
AH5,2016,31,,AH1,0,AH1N12009,1,AH3,45,ANOTSUBTYPED,35,BYAMAGATA,4,BVICTORIA,1,BNOTDETERMINED,20
AH5,2016,32,,AH1,0,AH1N12009,6,AH3,28,ANOTSUBTYPED,22,BYAMAGATA,12,BVICTORIA,3,BNOTDETERMINED,31
AH5,2016,33,,AH1,0,AH1N12009,1,AH3,29,ANOTSUBTYPED,27,BYAMAGATA,7,BVICTORIA,1,BNOTDETERMINED,24
AH5,2016,34,,AH1,0,AH1N12009,5,AH3,28,ANOTSUBTYPED,63,BYAMAGATA,6,BVICTORIA,2,BNOTDETERMINED,27
AH5,2016,35,,AH1,0,AH1N12009,7,AH3,33,ANOTSUBTYPED,78,BYAMAGATA,2,BVICTORIA,4,BNOTDETERMINED,46
AH5,2016,36,,AH1,0,AH1N12009,3,AH3,45,ANOTSUBTYPED,57,BYAMAGATA,3,BVICTORIA,1,BNOTDETERMINED,62
AH5,2016,37,,AH1,0,AH1N12009,8,AH3,55,ANOTSUBTYPED,76,BYAMAGATA,6,BVICTORIA,4,BNOTDETERMINED,68
AH5,2016,38,,AH1,0,AH1N12009,6,AH3,77,ANOTSUBTYPED,97,BYAMAGATA,5,BVICTORIA,3,BNOTDETERMINED,75
AH5,2016,39,,AH1,0,AH1N12009,5,AH3,73,ANOTSUBTYPED,107,BYAMAGATA,0,BVICTORIA,11,BNOTDETERMINED,88
AH5,2016,40,,AH1,0,AH1N12009,9,AH3,87,ANOTSUBTYPED,120,BYAMAGATA,4,BVICTORIA,5,BNOTDETERMINED,91
AH5,2016,41,,AH1,0,AH1N12009,11,AH3,81,ANOTSUBTYPED,108,BYAMAGATA,6,BVICTORIA,7,BNOTDETERMINED,86
AH5,2016,42,,AH1,0,AH1N12009,12,AH3,134,ANOTSUBTYPED,117,BYAMAGATA,10,BVICTORIA,8,BNOTDETERMINED,98
AH5,2016,43,,AH1,0,AH1N12009,13,AH3,130,ANOTSUBTYPED,144,BYAMAGATA,3,BVICTORIA,3,BNOTDETERMINED,94
AH5,2016,44,,AH1,0,AH1N12009,12,AH3,122,ANOTSUBTYPED,204,BYAMAGATA,7,BVICTORIA,10,BNOTDETERMINED,121
AH5,2016,45,,AH1,0,AH1N12009,5,AH3,155,ANOTSUBTYPED,272,BYAMAGATA,1,BVICTORIA,6,BNOTDETERMINED,126
AH5,2016,46,,AH1,0,AH1N12009,9,AH3,189,ANOTSUBTYPED,349,BYAMAGATA,1,BVICTORIA,7,BNOTDETERMINED,157
AH5,2016,47,,AH1,0,AH1N12009,5,AH3,164,ANOTSUBTYPED,465,BYAMAGATA,3,BVICTORIA,4,BNOTDETERMINED,179
AH5,2016,48,,AH1,0,AH1N12009,13,AH3,318,ANOTSUBTYPED,543,BYAMAGATA,5,BVICTORIA,17,BNOTDETERMINED,201
AH5,2016,49,,AH1,0,AH1N12009,14,AH3,479,ANOTSUBTYPED,699,BYAMAGATA,7,BVICTORIA,20,BNOTDETERMINED,183
AH5,2016,50,,AH1,0,AH1N12009,18,AH3,750,ANOTSUBTYPED,1368,BYAMAGATA,18,BVICTORIA,27,BNOTDETERMINED,226
AH5,2016,51,,AH1,0,AH1N12009,29,AH3,1016,ANOTSUBTYPED,2574,BYAMAGATA,28,BVICTORIA,38,BNOTDETERMINED,357
AH5,2016,52,,AH1,0,AH1N12009,32,AH3,1676,ANOTSUBTYPED,4301,BYAMAGATA,37,BVICTORIA,59,BNOTDETERMINED,401
AH5,2017,1,,AH1,0,AH1N12009,53,AH3,2067,ANOTSUBTYPED,4301,BYAMAGATA,60,BVICTORIA,47,BNOTDETERMINED,405
AH5,2017,2,,AH1,0,AH1N12009,49,AH3,2210,ANOTSUBTYPED,4965,BYAMAGATA,76,BVICTORIA,49,BNOTDETERMINED,501
AH5,2017,3,,AH1,0,AH1N12009,57,AH3,2253,ANOTSUBTYPED,6086,BYAMAGATA,104,BVICTORIA,69,BNOTDETERMINED,681
AH5,2017,4,,AH1,0,AH1N12009,47,AH3,2431,ANOTSUBTYPED,6283,BYAMAGATA,123,BVICTORIA,71,BNOTDETERMINED,827
AH5,2017,5,,AH1,0,AH1N12009,51,AH3,2596,ANOTSUBTYPED,7809,BYAMAGATA,182,BVICTORIA,96,BNOTDETERMINED,1147
AH5,2017,6,,AH1,0,AH1N12009,71,AH3,2975,ANOTSUBTYPED,9725,BYAMAGATA,240,BVICTORIA,126,BNOTDETERMINED,1937
AH5,2017,7,,AH1,0,AH1N12009,68,AH3,2617,ANOTSUBTYPED,9563,BYAMAGATA,300,BVICTORIA,152,BNOTDETERMINED,2656
AH5,2017,8,,AH1,0,AH1N12009,87,AH3,2364,ANOTSUBTYPED,8775,BYAMAGATA,357,BVICTORIA,159,BNOTDETERMINED,3041
AH5,2017,9,,AH1,0,AH1N12009,54,AH3,1492,ANOTSUBTYPED,5618,BYAMAGATA,358,BVICTORIA,149,BNOTDETERMINED,2491
AH5,2017,10,,AH1,0,AH1N12009,50,AH3,1256,ANOTSUBTYPED,4647,BYAMAGATA,389,BVICTORIA,138,BNOTDETERMINED,2892
AH5,2017,11,,AH1,0,AH1N12009,28,AH3,909,ANOTSUBTYPED,3806,BYAMAGATA,440,BVICTORIA,141,BNOTDETERMINED,3295
AH5,2017,12,,AH1,0,AH1N12009,31,AH3,843,ANOTSUBTYPED,3225,BYAMAGATA,523,BVICTORIA,193,BNOTDETERMINED,3839
AH5,2017,13,,AH1,0,AH1N12009,27,AH3,655,ANOTSUBTYPED,2348,BYAMAGATA,576,BVICTORIA,143,BNOTDETERMINED,3876
AH5,2017,14,,AH1,0,AH1N12009,17,AH3,374,ANOTSUBTYPED,1447,BYAMAGATA,450,BVICTORIA,117,BNOTDETERMINED,3119
AH5,2017,15,,AH1,0,AH1N12009,5,AH3,221,ANOTSUBTYPED,903,BYAMAGATA,383,BVICTORIA,66,BNOTDETERMINED,2364
AH5,2017,16,,AH1,0,AH1N12009,11,AH3,144,ANOTSUBTYPED,569,BYAMAGATA,250,BVICTORIA,54,BNOTDETERMINED,1656
AH5,2017,17,,AH1,0,AH1N12009,7,AH3,133,ANOTSUBTYPED,328,BYAMAGATA,181,BVICTORIA,51,BNOTDETERMINED,995
AH5,2017,18,,AH1,0,AH1N12009,5,AH3,83,ANOTSUBTYPED,254,BYAMAGATA,131,BVICTORIA,31,BNOTDETERMINED,749
AH5,2017,19,,AH1,0,AH1N12009,3,AH3,97,ANOTSUBTYPED,234,BYAMAGATA,117,BVICTORIA,38,BNOTDETERMINED,620
AH5,2017,20,,AH1,0,AH1N12009,5,AH3,63,ANOTSUBTYPED,217,BYAMAGATA,114,BVICTORIA,33,BNOTDETERMINED,512
AH5,2017,21,,AH1,0,AH1N12009,6,AH3,41,ANOTSUBTYPED,180,BYAMAGATA,80,BVICTORIA,26,BNOTDETERMINED,401
AH5,2017,22,,AH1,0,AH1N12009,1,AH3,39,ANOTSUBTYPED,171,BYAMAGATA,60,BVICTORIA,51,BNOTDETERMINED,331
AH5,2017,23,,AH1,0,AH1N12009,5,AH3,33,ANOTSUBTYPED,136,BYAMAGATA,63,BVICTORIA,22,BNOTDETERMINED,244
AH5,2017,24,,AH1,0,AH1N12009,8,AH3,43,ANOTSUBTYPED,132,BYAMAGATA,45,BVICTORIA,11,BNOTDETERMINED,171
AH5,2017,25,,AH1,0,AH1N12009,5,AH3,40,ANOTSUBTYPED,107,BYAMAGATA,31,BVICTORIA,11,BNOTDETERMINED,125
AH5,2017,26,,AH1,0,AH1N12009,5,AH3,39,ANOTSUBTYPED,95,BYAMAGATA,21,BVICTORIA,4,BNOTDETERMINED,103
AH5,2017,27,,AH1,0,AH1N12009,10,AH3,29,ANOTSUBTYPED,75,BYAMAGATA,7,BVICTORIA,7,BNOTDETERMINED,83
AH5,2017,28,,AH1,0,AH1N12009,4,AH3,31,ANOTSUBTYPED,92,BYAMAGATA,9,BVICTORIA,5,BNOTDETERMINED,79
AH5,2017,29,,AH1,0,AH1N12009,8,AH3,26,ANOTSUBTYPED,87,BYAMAGATA,7,BVICTORIA,0,BNOTDETERMINED,54
AH5,2017,30,,AH1,0,AH1N12009,7,AH3,31,ANOTSUBTYPED,76,BYAMAGATA,21,BVICTORIA,1,BNOTDETERMINED,53
AH5,2017,31,,AH1,0,AH1N12009,8,AH3,41,ANOTSUBTYPED,96,BYAMAGATA,8,BVICTORIA,0,BNOTDETERMINED,38
AH5,2017,32,,AH1,0,AH1N12009,6,AH3,42,ANOTSUBTYPED,77,BYAMAGATA,20,BVICTORIA,0,BNOTDETERMINED,62
AH5,2017,33,,AH1,0,AH1N12009,5,AH3,32,ANOTSUBTYPED,65,BYAMAGATA,9,BVICTORIA,0,BNOTDETERMINED,41
AH5,2017,34,,AH1,0,AH1N12009,6,AH3,54,ANOTSUBTYPED,82,BYAMAGATA,9,BVICTORIA,1,BNOTDETERMINED,47
AH5,2017,35,,AH1,0,AH1N12009,18,AH3,64,ANOTSUBTYPED,121,BYAMAGATA,0,BVICTORIA,0,BNOTDETERMINED,69
AH5,2017,36,,AH1,0,AH1N12009,12,AH3,105,ANOTSUBTYPED,130,BYAMAGATA,13,BVICTORIA,0,BNOTDETERMINED,71
AH5,2017,37,,AH1,0,AH1N12009,8,AH3,109,ANOTSUBTYPED,148,BYAMAGATA,17,BVICTORIA,2,BNOTDETERMINED,86
AH5,2017,38,,AH1,0,AH1N12009,2,AH3,101,ANOTSUBTYPED,140,BYAMAGATA,18,BVICTORIA,1,BNOTDETERMINED,85
AH5,2017,39,,AH1,0,AH1N12009,10,AH3,119,ANOTSUBTYPED,156,BYAMAGATA,10,BVICTORIA,0,BNOTDETERMINED,80
AH5,2017,40,,AH1,0,AH1N12009,13,AH3,123,ANOTSUBTYPED,233,BYAMAGATA,16,BVICTORIA,0,BNOTDETERMINED,117
AH5,2017,41,,AH1,0,AH1N12009,14,AH3,143,ANOTSUBTYPED,256,BYAMAGATA,13,BVICTORIA,4,BNOTDETERMINED,104
AH5,2017,42,,AH1,0,AH1N12009,14,AH3,173,ANOTSUBTYPED,278,BYAMAGATA,11,BVICTORIA,1,BNOTDETERMINED,112
AH5,2017,43,,AH1,0,AH1N12009,26,AH3,180,ANOTSUBTYPED,364,BYAMAGATA,21,BVICTORIA,1,BNOTDETERMINED,148
AH5,2017,44,,AH1,0,AH1N12009,24,AH3,249,ANOTSUBTYPED,518,BYAMAGATA,36,BVICTORIA,3,BNOTDETERMINED,236
AH5,2017,45,,AH1,0,AH1N12009,29,AH3,315,ANOTSUBTYPED,690,BYAMAGATA,33,BVICTORIA,4,BNOTDETERMINED,252
AH5,2017,46,,AH1,0,AH1N12009,56,AH3,405,ANOTSUBTYPED,941,BYAMAGATA,61,BVICTORIA,5,BNOTDETERMINED,351
AH5,2017,47,,AH1,0,AH1N12009,41,AH3,490,ANOTSUBTYPED,1338,BYAMAGATA,60,BVICTORIA,5,BNOTDETERMINED,363
AH5,2017,48,,AH1,0,AH1N12009,61,AH3,787,ANOTSUBTYPED,1563,BYAMAGATA,108,BVICTORIA,8,BNOTDETERMINED,456
AH5,2017,49,,AH1,0,AH1N12009,72,AH3,1055,ANOTSUBTYPED,2483,BYAMAGATA,103,BVICTORIA,16,BNOTDETERMINED,858
AH5,2017,50,,AH1,0,AH1N12009,137,AH3,1515,ANOTSUBTYPED,4571,BYAMAGATA,174,BVICTORIA,36,BNOTDETERMINED,883
AH5,2017,51,,AH1,0,AH1N12009,240,AH3,2491,ANOTSUBTYPED,9256,BYAMAGATA,258,BVICTORIA,39,BNOTDETERMINED,1776
AH5,2017,52,,AH1,0,AH1N12009,279,AH3,2984,ANOTSUBTYPED,12031,BYAMAGATA,372,BVICTORIA,35,BNOTDETERMINED,2192
AH5,2018,1,,AH1,0,AH1N12009,320,AH3,3295,ANOTSUBTYPED,13057,BYAMAGATA,463,BVICTORIA,45,BNOTDETERMINED,2700
AH5,2018,2,,AH1,0,AH1N12009,393,AH3,3336,ANOTSUBTYPED,15219,BYAMAGATA,534,BVICTORIA,42,BNOTDETERMINED,3409
AH5,2018,3,,AH1,0,AH1N12009,406,AH3,2727,ANOTSUBTYPED,14832,BYAMAGATA,536,BVICTORIA,47,BNOTDETERMINED,4094
AH5,2018,4,,AH1,0,AH1N12009,540,AH3,2749,ANOTSUBTYPED,16672,BYAMAGATA,718,BVICTORIA,58,BNOTDETERMINED,5581
AH5,2018,5,,AH1,0,AH1N12009,542,AH3,2494,ANOTSUBTYPED,15234,BYAMAGATA,804,BVICTORIA,91,BNOTDETERMINED,7221
AH5,2018,6,,AH1,0,AH1N12009,544,AH3,2040,ANOTSUBTYPED,14148,BYAMAGATA,931,BVICTORIA,113,BNOTDETERMINED,8187
AH5,2018,7,,AH1,0,AH1N12009,495,AH3,1511,ANOTSUBTYPED,11395,BYAMAGATA,931,BVICTORIA,115,BNOTDETERMINED,8461
AH5,2018,8,,AH1,0,AH1N12009,306,AH3,1073,ANOTSUBTYPED,7196,BYAMAGATA,891,BVICTORIA,116,BNOTDETERMINED,6645
AH5,2018,9,,AH1,0,AH1N12009,246,AH3,588,ANOTSUBTYPED,4417,BYAMAGATA,699,BVICTORIA,88,BNOTDETERMINED,4763
AH5,2018,10,,AH1,0,AH1N12009,144,AH3,411,ANOTSUBTYPED,2922,BYAMAGATA,646,BVICTORIA,88,BNOTDETERMINED,3706
AH5,2018,11,,AH1,0,AH1N12009,188,AH3,277,ANOTSUBTYPED,2374,BYAMAGATA,542,BVICTORIA,70,BNOTDETERMINED,3558
AH5,2018,12,,AH1,0,AH1N12009,120,AH3,234,ANOTSUBTYPED,2033,BYAMAGATA,467,BVICTORIA,52,BNOTDETERMINED,3232
AH5,2018,13,,AH1,0,AH1N12009,132,AH3,220,ANOTSUBTYPED,1716,BYAMAGATA,455,BVICTORIA,62,BNOTDETERMINED,3034
AH5,2018,14,,AH1,0,AH1N12009,120,AH3,163,ANOTSUBTYPED,1139,BYAMAGATA,405,BVICTORIA,54,BNOTDETERMINED,2409
AH5,2018,15,,AH1,0,AH1N12009,101,AH3,102,ANOTSUBTYPED,903,BYAMAGATA,297,BVICTORIA,40,BNOTDETERMINED,1971
AH5,2018,16,,AH1,0,AH1N12009,51,AH3,86,ANOTSUBTYPED,595,BYAMAGATA,211,BVICTORIA,43,BNOTDETERMINED,1469
AH5,2018,17,,AH1,0,AH1N12009,56,AH3,53,ANOTSUBTYPED,473,BYAMAGATA,138,BVICTORIA,28,BNOTDETERMINED,1127
AH5,2018,18,,AH1,0,AH1N12009,40,AH3,31,ANOTSUBTYPED,348,BYAMAGATA,137,BVICTORIA,14,BNOTDETERMINED,747
AH5,2018,19,,AH1,0,AH1N12009,16,AH3,20,ANOTSUBTYPED,191,BYAMAGATA,68,BVICTORIA,6,BNOTDETERMINED,475
AH5,2018,20,,AH1,0,AH1N12009,16,AH3,10,ANOTSUBTYPED,176,BYAMAGATA,27,BVICTORIA,6,BNOTDETERMINED,246
AH5,2018,21,,AH1,0,AH1N12009,18,AH3,6,ANOTSUBTYPED,119,BYAMAGATA,20,BVICTORIA,4,BNOTDETERMINED,171
AH5,2018,22,,AH1,0,AH1N12009,8,AH3,5,ANOTSUBTYPED,76,BYAMAGATA,11,BVICTORIA,2,BNOTDETERMINED,91
AH5,2018,23,,AH1,0,AH1N12009,7,AH3,3,ANOTSUBTYPED,73,BYAMAGATA,9,BVICTORIA,3,BNOTDETERMINED,83
AH5,2018,24,,AH1,0,AH1N12009,6,AH3,3,ANOTSUBTYPED,51,BYAMAGATA,8,BVICTORIA,3,BNOTDETERMINED,67
AH5,2018,25,,AH1,0,AH1N12009,1,AH3,3,ANOTSUBTYPED,49,BYAMAGATA,6,BVICTORIA,3,BNOTDETERMINED,38
AH5,2018,26,,AH1,0,AH1N12009,2,AH3,6,ANOTSUBTYPED,57,BYAMAGATA,1,BVICTORIA,0,BNOTDETERMINED,29
AH5,2018,27,,AH1,0,AH1N12009,9,AH3,5,ANOTSUBTYPED,44,BYAMAGATA,6,BVICTORIA,0,BNOTDETERMINED,26
AH5,2018,28,,AH1,0,AH1N12009,8,AH3,9,ANOTSUBTYPED,51,BYAMAGATA,3,BVICTORIA,2,BNOTDETERMINED,14
AH5,2018,29,,AH1,0,AH1N12009,15,AH3,5,ANOTSUBTYPED,57,BYAMAGATA,4,BVICTORIA,2,BNOTDETERMINED,18
AH5,2018,30,,AH1,0,AH1N12009,9,AH3,3,ANOTSUBTYPED,52,BYAMAGATA,0,BVICTORIA,2,BNOTDETERMINED,19
AH5,2018,31,,AH1,0,AH1N12009,7,AH3,10,ANOTSUBTYPED,46,BYAMAGATA,1,BVICTORIA,0,BNOTDETERMINED,17
AH5,2018,32,,AH1,0,AH1N12009,6,AH3,8,ANOTSUBTYPED,48,BYAMAGATA,2,BVICTORIA,0,BNOTDETERMINED,23
AH5,2018,33,,AH1,0,AH1N12009,5,AH3,9,ANOTSUBTYPED,42,BYAMAGATA,2,BVICTORIA,0,BNOTDETERMINED,19
AH5,2018,34,,AH1,0,AH1N12009,17,AH3,20,ANOTSUBTYPED,83,BYAMAGATA,1,BVICTORIA,0,BNOTDETERMINED,28
AH5,2018,35,,AH1,0,AH1N12009,10,AH3,6,ANOTSUBTYPED,98,BYAMAGATA,2,BVICTORIA,0,BNOTDETERMINED,33
AH5,2018,36,,AH1,0,AH1N12009,17,AH3,17,ANOTSUBTYPED,119,BYAMAGATA,1,BVICTORIA,0,BNOTDETERMINED,53
AH5,2018,37,,AH1,0,AH1N12009,29,AH3,14,ANOTSUBTYPED,155,BYAMAGATA,5,BVICTORIA,1,BNOTDETERMINED,48
AH5,2018,38,,AH1,0,AH1N12009,22,AH3,17,ANOTSUBTYPED,160,BYAMAGATA,2,BVICTORIA,1,BNOTDETERMINED,68
AH5,2018,39,,AH1,0,AH1N12009,20,AH3,13,ANOTSUBTYPED,169,BYAMAGATA,3,BVICTORIA,0,BNOTDETERMINED,52
AH5,2018,40,,AH1,0,AH1N12009,29,AH3,11,ANOTSUBTYPED,226,BYAMAGATA,11,BVICTORIA,7,BNOTDETERMINED,71
AH5,2018,41,,AH1,0,AH1N12009,52,AH3,11,ANOTSUBTYPED,231,BYAMAGATA,5,BVICTORIA,3,BNOTDETERMINED,88
AH5,2018,42,,AH1,0,AH1N12009,52,AH3,22,ANOTSUBTYPED,324,BYAMAGATA,14,BVICTORIA,2,BNOTDETERMINED,90
AH5,2018,43,,AH1,0,AH1N12009,76,AH3,35,ANOTSUBTYPED,343,BYAMAGATA,13,BVICTORIA,0,BNOTDETERMINED,104
AH5,2018,44,,AH1,0,AH1N12009,84,AH3,23,ANOTSUBTYPED,393,BYAMAGATA,8,BVICTORIA,1,BNOTDETERMINED,100
AH5,2018,45,,AH1,0,AH1N12009,117,AH3,27,ANOTSUBTYPED,561,BYAMAGATA,7,BVICTORIA,4,BNOTDETERMINED,103
AH5,2018,46,,AH1,0,AH1N12009,148,AH3,41,ANOTSUBTYPED,680,BYAMAGATA,3,BVICTORIA,2,BNOTDETERMINED,104
AH5,2018,47,,AH1,0,AH1N12009,215,AH3,54,ANOTSUBTYPED,907,BYAMAGATA,5,BVICTORIA,2,BNOTDETERMINED,77
AH5,2018,48,,AH1,0,AH1N12009,326,AH3,64,ANOTSUBTYPED,1013,BYAMAGATA,10,BVICTORIA,2,BNOTDETERMINED,107
AH5,2018,49,,AH1,0,AH1N12009,361,AH3,90,ANOTSUBTYPED,1674,BYAMAGATA,7,BVICTORIA,3,BNOTDETERMINED,159
AH5,2018,50,,AH1,0,AH1N12009,674,AH3,166,ANOTSUBTYPED,3262,BYAMAGATA,6,BVICTORIA,7,BNOTDETERMINED,197
AH5,2018,51,,AH1,0,AH1N12009,1115,AH3,248,ANOTSUBTYPED,5367,BYAMAGATA,8,BVICTORIA,20,BNOTDETERMINED,201
AH5,2018,52,,AH1,0,AH1N12009,1243,AH3,274,ANOTSUBTYPED,6962,BYAMAGATA,9,BVICTORIA,19,BNOTDETERMINED,248
AH5,2019,1,,AH1,0,AH1N12009,1182,AH3,305,ANOTSUBTYPED,5400,BYAMAGATA,17,BVICTORIA,6,BNOTDETERMINED,158
AH5,2019,2,,AH1,0,AH1N12009,1429,AH3,233,ANOTSUBTYPED,5175,BYAMAGATA,20,BVICTORIA,4,BNOTDETERMINED,230
AH5,2019,3,,AH1,0,AH1N12009,1475,AH3,366,ANOTSUBTYPED,6783,BYAMAGATA,16,BVICTORIA,17,BNOTDETERMINED,195
AH5,2019,4,,AH1,0,AH1N12009,1546,AH3,511,ANOTSUBTYPED,8426,BYAMAGATA,9,BVICTORIA,17,BNOTDETERMINED,262
AH5,2019,5,,AH1,0,AH1N12009,1678,AH3,806,ANOTSUBTYPED,10732,BYAMAGATA,18,BVICTORIA,24,BNOTDETERMINED,300
AH5,2019,6,,AH1,0,AH1N12009,1878,AH3,1202,ANOTSUBTYPED,13197,BYAMAGATA,11,BVICTORIA,18,BNOTDETERMINED,446
AH5,2019,7,,AH1,0,AH1N12009,1703,AH3,1305,ANOTSUBTYPED,13375,BYAMAGATA,18,BVICTORIA,29,BNOTDETERMINED,532
AH5,2019,8,,AH1,0,AH1N12009,1480,AH3,1501,ANOTSUBTYPED,13759,BYAMAGATA,12,BVICTORIA,28,BNOTDETERMINED,532
AH5,2019,9,,AH1,0,AH1N12009,1377,AH3,1785,ANOTSUBTYPED,13498,BYAMAGATA,10,BVICTORIA,34,BNOTDETERMINED,474
AH5,2019,10,,AH1,0,AH1N12009,1292,AH3,1829,ANOTSUBTYPED,13258,BYAMAGATA,27,BVICTORIA,42,BNOTDETERMINED,491
AH5,2019,11,,AH1,0,AH1N12009,1052,AH3,1828,ANOTSUBTYPED,13412,BYAMAGATA,31,BVICTORIA,56,BNOTDETERMINED,611
AH5,2019,12,,AH1,0,AH1N12009,745,AH3,1402,ANOTSUBTYPED,10349,BYAMAGATA,19,BVICTORIA,50,BNOTDETERMINED,689
AH5,2019,13,,AH1,0,AH1N12009,472,AH3,1110,ANOTSUBTYPED,7695,BYAMAGATA,25,BVICTORIA,66,BNOTDETERMINED,698
AH5,2019,14,,AH1,0,AH1N12009,336,AH3,889,ANOTSUBTYPED,4904,BYAMAGATA,20,BVICTORIA,70,BNOTDETERMINED,684
AH5,2019,15,,AH1,0,AH1N12009,217,AH3,660,ANOTSUBTYPED,3210,BYAMAGATA,18,BVICTORIA,58,BNOTDETERMINED,638
AH5,2019,16,,AH1,0,AH1N12009,130,AH3,354,ANOTSUBTYPED,1898,BYAMAGATA,19,BVICTORIA,50,BNOTDETERMINED,536
AH5,2019,17,,AH1,0,AH1N12009,87,AH3,218,ANOTSUBTYPED,1032,BYAMAGATA,14,BVICTORIA,39,BNOTDETERMINED,475
AH5,2019,18,,AH1,0,AH1N12009,65,AH3,158,ANOTSUBTYPED,640,BYAMAGATA,11,BVICTORIA,40,BNOTDETERMINED,345
AH5,2019,19,,AH1,0,AH1N12009,45,AH3,94,ANOTSUBTYPED,418,BYAMAGATA,9,BVICTORIA,41,BNOTDETERMINED,297
AH5,2019,20,,AH1,0,AH1N12009,43,AH3,82,ANOTSUBTYPED,336,BYAMAGATA,7,BVICTORIA,40,BNOTDETERMINED,279
AH5,2019,21,,AH1,0,AH1N12009,29,AH3,67,ANOTSUBTYPED,280,BYAMAGATA,3,BVICTORIA,27,BNOTDETERMINED,261
AH5,2019,22,,AH1,0,AH1N12009,23,AH3,55,ANOTSUBTYPED,216,BYAMAGATA,11,BVICTORIA,25,BNOTDETERMINED,249
AH5,2019,23,,AH1,0,AH1N12009,26,AH3,54,ANOTSUBTYPED,147,BYAMAGATA,1,BVICTORIA,32,BNOTDETERMINED,226
AH5,2019,24,,AH1,0,AH1N12009,21,AH3,57,ANOTSUBTYPED,136,BYAMAGATA,2,BVICTORIA,19,BNOTDETERMINED,140
AH5,2019,25,,AH1,0,AH1N12009,19,AH3,52,ANOTSUBTYPED,111,BYAMAGATA,0,BVICTORIA,13,BNOTDETERMINED,99
AH5,2019,26,,AH1,0,AH1N12009,21,AH3,48,ANOTSUBTYPED,95,BYAMAGATA,3,BVICTORIA,12,BNOTDETERMINED,100
AH5,2019,27,,AH1,0,AH1N12009,29,AH3,41,ANOTSUBTYPED,132,BYAMAGATA,1,BVICTORIA,13,BNOTDETERMINED,89
AH5,2019,28,,AH1,0,AH1N12009,10,AH3,42,ANOTSUBTYPED,103,BYAMAGATA,1,BVICTORIA,9,BNOTDETERMINED,83
AH5,2019,29,,AH1,0,AH1N12009,12,AH3,55,ANOTSUBTYPED,109,BYAMAGATA,0,BVICTORIA,10,BNOTDETERMINED,81
AH5,2019,30,,AH1,0,AH1N12009,19,AH3,29,ANOTSUBTYPED,106,BYAMAGATA,0,BVICTORIA,11,BNOTDETERMINED,88
AH5,2019,31,,AH1,0,AH1N12009,14,AH3,30,ANOTSUBTYPED,106,BYAMAGATA,2,BVICTORIA,10,BNOTDETERMINED,86
AH5,2019,32,,AH1,0,AH1N12009,7,AH3,33,ANOTSUBTYPED,79,BYAMAGATA,0,BVICTORIA,16,BNOTDETERMINED,88
AH5,2019,33,,AH1,0,AH1N12009,20,AH3,34,ANOTSUBTYPED,81,BYAMAGATA,0,BVICTORIA,38,BNOTDETERMINED,94
AH5,2019,34,,AH1,0,AH1N12009,19,AH3,38,ANOTSUBTYPED,95,BYAMAGATA,0,BVICTORIA,32,BNOTDETERMINED,118
AH5,2019,35,,AH1,0,AH1N12009,14,AH3,34,ANOTSUBTYPED,146,BYAMAGATA,0,BVICTORIA,29,BNOTDETERMINED,226
AH5,2019,36,,AH1,0,AH1N12009,16,AH3,54,ANOTSUBTYPED,145,BYAMAGATA,1,BVICTORIA,29,BNOTDETERMINED,231
AH5,2019,37,,AH1,0,AH1N12009,12,AH3,69,ANOTSUBTYPED,166,BYAMAGATA,2,BVICTORIA,44,BNOTDETERMINED,182
AH5,2019,38,,AH1,0,AH1N12009,27,AH3,59,ANOTSUBTYPED,171,BYAMAGATA,0,BVICTORIA,46,BNOTDETERMINED,258
AH5,2019,39,,AH1,0,AH1N12009,18,AH3,60,ANOTSUBTYPED,171,BYAMAGATA,0,BVICTORIA,49,BNOTDETERMINED,329
AH5,2019,40,,AH1,0,AH1N12009,25,AH3,57,ANOTSUBTYPED,157,BYAMAGATA,1,BVICTORIA,56,BNOTDETERMINED,131
AH5,2019,41,,AH1,0,AH1N12009,33,AH3,64,ANOTSUBTYPED,168,BYAMAGATA,2,BVICTORIA,71,BNOTDETERMINED,188
AH5,2019,42,,AH1,0,AH1N12009,36,AH3,82,ANOTSUBTYPED,196,BYAMAGATA,3,BVICTORIA,77,BNOTDETERMINED,200
AH5,2019,43,,AH1,0,AH1N12009,53,AH3,78,ANOTSUBTYPED,249,BYAMAGATA,5,BVICTORIA,96,BNOTDETERMINED,374
AH5,2019,44,,AH1,0,AH1N12009,52,AH3,61,ANOTSUBTYPED,304,BYAMAGATA,5,BVICTORIA,120,BNOTDETERMINED,595
AH5,2019,45,,AH1,0,AH1N12009,122,AH3,74,ANOTSUBTYPED,619,BYAMAGATA,10,BVICTORIA,236,BNOTDETERMINED,1149
AH5,2019,46,,AH1,0,AH1N12009,149,AH3,58,ANOTSUBTYPED,681,BYAMAGATA,10,BVICTORIA,330,BNOTDETERMINED,1678
AH5,2019,47,,AH1,0,AH1N12009,258,AH3,78,ANOTSUBTYPED,1076,BYAMAGATA,10,BVICTORIA,424,BNOTDETERMINED,2754
AH5,2019,48,,AH1,0,AH1N12009,370,AH3,83,ANOTSUBTYPED,1171,BYAMAGATA,10,BVICTORIA,501,BNOTDETERMINED,2934
AH5,2019,49,,AH1,0,AH1N12009,513,AH3,84,ANOTSUBTYPED,1512,BYAMAGATA,14,BVICTORIA,657,BNOTDETERMINED,3657
AH5,2019,50,,AH1,0,AH1N12009,619,AH3,78,ANOTSUBTYPED,2199,BYAMAGATA,15,BVICTORIA,807,BNOTDETERMINED,5408
AH5,2019,51,,AH1,0,AH1N12009,910,AH3,50,ANOTSUBTYPED,3749,BYAMAGATA,16,BVICTORIA,1093,BNOTDETERMINED,8851
AH5,2019,52,,AH1,0,AH1N12009,1203,AH3,86,ANOTSUBTYPED,6007,BYAMAGATA,24,BVICTORIA,1309,BNOTDETERMINED,11590
AH5,2020,1,,AH1,,AH1N12009,1226,AH3,101,ANOTSUBTYPED,5690,BYAMAGATA,22,BVICTORIA,1254,BNOTDETERMINED,9864
AH5,2020,2,,AH1,,AH1N12009,1217,AH3,85,ANOTSUBTYPED,6142,BYAMAGATA,18,BVICTORIA,1046,BNOTDETERMINED,8134
AH5,2020,3,,AH1,,AH1N12009,1544,AH3,68,ANOTSUBTYPED,7768,BYAMAGATA,12,BVICTORIA,1170,BNOTDETERMINED,8272
AH5,2020,4,,AH1,,AH1N12009,1771,AH3,79,ANOTSUBTYPED,9515,BYAMAGATA,8,BVICTORIA,1142,BNOTDETERMINED,9020
AH5,2020,5,,AH1,,AH1N12009,2340,AH3,92,ANOTSUBTYPED,12152,BYAMAGATA,8,BVICTORIA,1066,BNOTDETERMINED,9981
AH5,2020,6,,AH1,,AH1N12009,2285,AH3,91,ANOTSUBTYPED,13016,BYAMAGATA,5,BVICTORIA,851,BNOTDETERMINED,9085
AH5,2020,7,,AH1,,AH1N12009,1930,AH3,58,ANOTSUBTYPED,13480,BYAMAGATA,10,BVICTORIA,662,BNOTDETERMINED,7458
AH5,2020,8,,AH1,,AH1N12009,1739,AH3,78,ANOTSUBTYPED,12834,BYAMAGATA,9,BVICTORIA,555,BNOTDETERMINED,5933
AH5,2020,9,,AH1,,AH1N12009,1598,AH3,62,ANOTSUBTYPED,11760,BYAMAGATA,8,BVICTORIA,440,BNOTDETERMINED,4504
AH5,2020,10,,AH1,,AH1N12009,1517,AH3,67,ANOTSUBTYPED,11110,BYAMAGATA,8,BVICTORIA,330,BNOTDETERMINED,3515
AH5,2020,11,,AH1,,AH1N12009,1097,AH3,67,ANOTSUBTYPED,9130,BYAMAGATA,3,BVICTORIA,179,BNOTDETERMINED,2783
AH5,2020,12,,AH1,,AH1N12009,439,AH3,29,ANOTSUBTYPED,4157,BYAMAGATA,1,BVICTORIA,73,BNOTDETERMINED,1399
AH5,2020,13,,AH1,,AH1N12009,99,AH3,7,ANOTSUBTYPED,766,BYAMAGATA,2,BVICTORIA,20,BNOTDETERMINED,314
AH5,2020,14,,AH1,,AH1N12009,36,AH3,1,ANOTSUBTYPED,199,BYAMAGATA,0,BVICTORIA,5,BNOTDETERMINED,129
AH5,2020,15,,AH1,,AH1N12009,28,AH3,0,ANOTSUBTYPED,78,BYAMAGATA,0,BVICTORIA,0,BNOTDETERMINED,50
AH5,2020,16,,AH1,,AH1N12009,19,AH3,0,ANOTSUBTYPED,58,BYAMAGATA,0,BVICTORIA,2,BNOTDETERMINED,35
AH5,2020,17,,AH1,,AH1N12009,26,AH3,0,ANOTSUBTYPED,20,BYAMAGATA,0,BVICTORIA,0,BNOTDETERMINED,12
AH5,2020,18,,AH1,,AH1N12009,23,AH3,0,ANOTSUBTYPED,20,BYAMAGATA,0,BVICTORIA,1,BNOTDETERMINED,10
AH5,2020,19,,AH1,,AH1N12009,26,AH3,1,ANOTSUBTYPED,14,BYAMAGATA,0,BVICTORIA,0,BNOTDETERMINED,17
AH5,2020,20,,AH1,,AH1N12009,24,AH3,0,ANOTSUBTYPED,13,BYAMAGATA,0,BVICTORIA,0,BNOTDETERMINED,13
AH5,2020,21,,AH1,,AH1N12009,0,AH3,0,ANOTSUBTYPED,9,BYAMAGATA,0,BVICTORIA,0,BNOTDETERMINED,8
AH5,2020,22,,AH1,,AH1N12009,2,AH3,0,ANOTSUBTYPED,8,BYAMAGATA,0,BVICTORIA,0,BNOTDETERMINED,4
AH5,2020,23,,AH1,,AH1N12009,0,AH3,0,ANOTSUBTYPED,9,BYAMAGATA,0,BVICTORIA,0,BNOTDETERMINED,14
AH5,2020,24,,AH1,,AH1N12009,1,AH3,0,ANOTSUBTYPED,9,BYAMAGATA,0,BVICTORIA,0,BNOTDETERMINED,10
AH5,2020,25,,AH1,,AH1N12009,0,AH3,0,ANOTSUBTYPED,12,BYAMAGATA,0,BVICTORIA,0,BNOTDETERMINED,7
AH5,2020,26,,AH1,,AH1N12009,0,AH3,0,ANOTSUBTYPED,12,BYAMAGATA,0,BVICTORIA,0,BNOTDETERMINED,7
AH5,2020,27,,AH1,,AH1N12009,0,AH3,0,ANOTSUBTYPED,7,BYAMAGATA,0,BVICTORIA,0,BNOTDETERMINED,4
AH5,2020,28,,AH1,,AH1N12009,0,AH3,0,ANOTSUBTYPED,7,BYAMAGATA,0,BVICTORIA,0,BNOTDETERMINED,3
AH5,2020,29,,AH1,,AH1N12009,0,AH3,0,ANOTSUBTYPED,8,BYAMAGATA,0,BVICTORIA,0,BNOTDETERMINED,8
AH5,2020,30,,AH1,,AH1N12009,0,AH3,0,ANOTSUBTYPED,4,BYAMAGATA,0,BVICTORIA,0,BNOTDETERMINED,0
AH5,2020,31,,AH1,,AH1N12009,,AH3,,ANOTSUBTYPED,,BYAMAGATA,,BVICTORIA,,BNOTDETERMINED,

